arch,binary,test,weight
amd64,besen,crypto.js,1.9371
amd64,besen,deltablue.js,1.4645
amd64,besen,navier-stokes.js,3.9199
amd64,besen,richards.ucode.js,0.9346
amd64,boa,box2d.js,2.4731
amd64,boa,code-load.js,4.9435
amd64,boa,crypto.js,2.3233
amd64,boa,deltablue.js,2.5124
amd64,boa,earley-boyer.js,3.6161
amd64,boa,gbemu.js,2.5899
amd64,boa,mandreel.js,1.117
amd64,boa,navier-stokes.js,3.4378
amd64,boa,pdfjs.js,2.3897
amd64,boa,raytrace.js,3.4391
amd64,boa,regexp.js,1.649
amd64,boa,richards.ucode.js,1.2615
amd64,boa,splay.js,4.3085
amd64,boa,typescript.js,0
amd64,boa,zlib.js,0.645
amd64,brimstone,box2d.js,2.2706
amd64,brimstone,code-load.js,8.3435
amd64,brimstone,crypto.js,2.7328
amd64,brimstone,deltablue.js,2.9368
amd64,brimstone,earley-boyer.js,4.8471
amd64,brimstone,gbemu.js,2.795
amd64,brimstone,mandreel.js,1.1649
amd64,brimstone,navier-stokes.js,3.1747
amd64,brimstone,pdfjs.js,2.8117
amd64,brimstone,raytrace.js,4.0248
amd64,brimstone,regexp.js,2.601
amd64,brimstone,richards.ucode.js,1.2576
amd64,brimstone,splay.js,5.6447
amd64,brimstone,typescript.js,4.2012
amd64,brimstone,zlib.js,0.8824
amd64,castl,box2d.js,3.8894
amd64,castl,code-load.js,0
amd64,castl,crypto.js,3.557
amd64,castl,deltablue.js,3.3615
amd64,castl,earley-boyer.js,0
amd64,castl,gbemu.js,0
amd64,castl,mandreel.js,0
amd64,castl,navier-stokes.js,4.4381
amd64,castl,pdfjs.js,0
amd64,castl,raytrace.js,3.665
amd64,castl,regexp.js,0
amd64,castl,richards.ucode.js,2.2404
amd64,castl,splay.js,6.8495
amd64,castl,typescript.js,0
amd64,castl,zlib.js,0
amd64,cesanta-v7,richards.ucode.js,0.3217
amd64,chakracore,box2d.js,0
amd64,chakracore,code-load.js,9.1244
amd64,chakracore,crypto.js,19.583
amd64,chakracore,deltablue.js,19.583
amd64,chakracore,earley-boyer.js,0
amd64,chakracore,gbemu.js,9.7915
amd64,chakracore,mandreel.js,9.7915
amd64,chakracore,navier-stokes.js,19.583
amd64,chakracore,pdfjs.js,0
amd64,chakracore,raytrace.js,19.583
amd64,chakracore,regexp.js,9.8859
amd64,chakracore,richards.ucode.js,9.7915
amd64,chakracore,splay.js,17.5714
amd64,chakracore,typescript.js,0
amd64,chakracore,zlib.js,4.8957
amd64,chakracore_jitless,box2d.js,3.0929
amd64,chakracore_jitless,code-load.js,9.4523
amd64,chakracore_jitless,crypto.js,3.846
amd64,chakracore_jitless,deltablue.js,2.9185
amd64,chakracore_jitless,earley-boyer.js,4.9962
amd64,chakracore_jitless,gbemu.js,3.8631
amd64,chakracore_jitless,mandreel.js,1.7584
amd64,chakracore_jitless,navier-stokes.js,4.291
amd64,chakracore_jitless,pdfjs.js,4.0561
amd64,chakracore_jitless,raytrace.js,4.1834
amd64,chakracore_jitless,regexp.js,5.4091
amd64,chakracore_jitless,richards.ucode.js,1.5331
amd64,chakracore_jitless,splay.js,7.3047
amd64,chakracore_jitless,typescript.js,4.9871
amd64,chakracore_jitless,zlib.js,1.2534
amd64,dmdscript,box2d.js,0
amd64,dmdscript,code-load.js,0
amd64,dmdscript,crypto.js,0
amd64,dmdscript,deltablue.js,1.4093
amd64,dmdscript,earley-boyer.js,2.6456
amd64,dmdscript,gbemu.js,0
amd64,dmdscript,mandreel.js,0
amd64,dmdscript,navier-stokes.js,0
amd64,dmdscript,pdfjs.js,0
amd64,dmdscript,raytrace.js,2.5468
amd64,dmdscript,regexp.js,0
amd64,dmdscript,richards.ucode.js,0.6192
amd64,dmdscript,splay.js,0
amd64,dmdscript,typescript.js,0
amd64,dmdscript,zlib.js,0
amd64,dscriptcpp,richards.ucode.js,0.8052
amd64,duktape,box2d.js,3.6936
amd64,duktape,code-load.js,7.3663
amd64,duktape,crypto.js,5.6082
amd64,duktape,deltablue.js,3.99
amd64,duktape,earley-boyer.js,5.308
amd64,duktape,gbemu.js,4.6551
amd64,duktape,mandreel.js,0
amd64,duktape,navier-stokes.js,5.9883
amd64,duktape,pdfjs.js,1.965
amd64,duktape,raytrace.js,5.2632
amd64,duktape,regexp.js,3.1118
amd64,duktape,richards.ucode.js,1.9283
amd64,duktape,splay.js,6.9111
amd64,duktape,typescript.js,0
amd64,duktape,zlib.js,1.2379
amd64,duktape_clang,box2d.js,3.6671
amd64,duktape_clang,code-load.js,7.1827
amd64,duktape_clang,crypto.js,5.4629
amd64,duktape_clang,deltablue.js,4.0027
amd64,duktape_clang,earley-boyer.js,5.2518
amd64,duktape_clang,gbemu.js,4.6797
amd64,duktape_clang,mandreel.js,0
amd64,duktape_clang,navier-stokes.js,5.7891
amd64,duktape_clang,pdfjs.js,1.8787
amd64,duktape_clang,raytrace.js,5.3213
amd64,duktape_clang,regexp.js,3.2135
amd64,duktape_clang,richards.ucode.js,1.9222
amd64,duktape_clang,splay.js,6.8226
amd64,duktape_clang,typescript.js,0
amd64,duktape_clang,zlib.js,1.2574
amd64,engine262,box2d.js,0.2361
amd64,engine262,code-load.js,1.9233
amd64,engine262,crypto.js,0.2393
amd64,engine262,deltablue.js,0.253
amd64,engine262,earley-boyer.js,0.3626
amd64,engine262,gbemu.js,0.2678
amd64,engine262,mandreel.js,0.1006
amd64,engine262,navier-stokes.js,0.2967
amd64,engine262,pdfjs.js,0.2681
amd64,engine262,raytrace.js,0.3738
amd64,engine262,regexp.js,0.3232
amd64,engine262,richards.ucode.js,0.1289
amd64,engine262,splay.js,0.5079
amd64,engine262,typescript.js,0.3861
amd64,escargot,box2d.js,4.9247
amd64,escargot,code-load.js,8.9112
amd64,escargot,crypto.js,6.9614
amd64,escargot,deltablue.js,6.0618
amd64,escargot,earley-boyer.js,8.3114
amd64,escargot,gbemu.js,6.3877
amd64,escargot,mandreel.js,2.7271
amd64,escargot,navier-stokes.js,7.2215
amd64,escargot,pdfjs.js,5.5162
amd64,escargot,raytrace.js,6.9223
amd64,escargot,regexp.js,3.8768
amd64,escargot,richards.ucode.js,3.1862
amd64,escargot,splay.js,6.5199
amd64,escargot,typescript.js,6.9797
amd64,escargot,zlib.js,1.8694
amd64,escargot_clang,box2d.js,4.9612
amd64,escargot_clang,code-load.js,8.6202
amd64,escargot_clang,crypto.js,6.9978
amd64,escargot_clang,deltablue.js,6.048
amd64,escargot_clang,earley-boyer.js,8.0833
amd64,escargot_clang,gbemu.js,6.302
amd64,escargot_clang,mandreel.js,2.6488
amd64,escargot_clang,navier-stokes.js,7.1239
amd64,escargot_clang,pdfjs.js,5.3411
amd64,escargot_clang,raytrace.js,6.818
amd64,escargot_clang,regexp.js,3.8236
amd64,escargot_clang,richards.ucode.js,3.1618
amd64,escargot_clang,splay.js,6.1316
amd64,escargot_clang,typescript.js,6.9245
amd64,escargot_clang,zlib.js,1.7931
amd64,fastschema-qjs,box2d.js,2.5685
amd64,fastschema-qjs,code-load.js,5.3123
amd64,fastschema-qjs,crypto.js,2.8897
amd64,fastschema-qjs,deltablue.js,3.067
amd64,fastschema-qjs,earley-boyer.js,4.26
amd64,fastschema-qjs,gbemu.js,3.1328
amd64,fastschema-qjs,mandreel.js,1.3623
amd64,fastschema-qjs,navier-stokes.js,3.5671
amd64,fastschema-qjs,pdfjs.js,2.8554
amd64,fastschema-qjs,raytrace.js,3.4295
amd64,fastschema-qjs,regexp.js,1.9552
amd64,fastschema-qjs,richards.ucode.js,1.4871
amd64,fastschema-qjs,splay.js,5.6359
amd64,fastschema-qjs,typescript.js,4.5964
amd64,fastschema-qjs,zlib.js,0.9469
amd64,goja,box2d.js,2.124
amd64,goja,code-load.js,7.5681
amd64,goja,crypto.js,2.3022
amd64,goja,deltablue.js,3.1563
amd64,goja,earley-boyer.js,4.2694
amd64,goja,gbemu.js,2.6969
amd64,goja,mandreel.js,1.127
amd64,goja,navier-stokes.js,2.8432
amd64,goja,pdfjs.js,2.1656
amd64,goja,raytrace.js,3.3877
amd64,goja,regexp.js,2.7966
amd64,goja,richards.ucode.js,1.4379
amd64,goja,splay.js,5.7216
amd64,goja,typescript.js,0
amd64,goja,zlib.js,0.7148
amd64,graaljs,box2d.js,6.8693
amd64,graaljs,code-load.js,5.6039
amd64,graaljs,crypto.js,19.583
amd64,graaljs,deltablue.js,19.583
amd64,graaljs,earley-boyer.js,19.583
amd64,graaljs,gbemu.js,6.4174
amd64,graaljs,mandreel.js,5.2417
amd64,graaljs,navier-stokes.js,19.583
amd64,graaljs,pdfjs.js,5.5793
amd64,graaljs,raytrace.js,19.583
amd64,graaljs,regexp.js,5.6687
amd64,graaljs,richards.ucode.js,9.7915
amd64,graaljs,splay.js,8.7327
amd64,graaljs,typescript.js,6.7828
amd64,graaljs,zlib.js,3.5705
amd64,hako,box2d.js,1.0883
amd64,hako,code-load.js,2.3007
amd64,hako,crypto.js,1.2872
amd64,hako,deltablue.js,1.3471
amd64,hako,earley-boyer.js,1.6788
amd64,hako,gbemu.js,1.4783
amd64,hako,mandreel.js,0.6613
amd64,hako,navier-stokes.js,1.5855
amd64,hako,pdfjs.js,1.1906
amd64,hako,raytrace.js,1.3299
amd64,hako,regexp.js,0.8648
amd64,hako,richards.ucode.js,0.6676
amd64,hako,splay.js,2.0774
amd64,hako,typescript.js,2.028
amd64,hako,zlib.js,0.4812
amd64,hermes,box2d.js,5.2367
amd64,hermes,code-load.js,5.6443
amd64,hermes,crypto.js,6.7901
amd64,hermes,deltablue.js,5.9016
amd64,hermes,earley-boyer.js,8.821
amd64,hermes,gbemu.js,6.1269
amd64,hermes,mandreel.js,2.9146
amd64,hermes,navier-stokes.js,7.2096
amd64,hermes,pdfjs.js,5.1403
amd64,hermes,raytrace.js,6.8324
amd64,hermes,regexp.js,4.3842
amd64,hermes,richards.ucode.js,3.1326
amd64,hermes,splay.js,9.2084
amd64,hermes,typescript.js,7.9321
amd64,hermes,zlib.js,1.5909
amd64,hermes-v1,box2d.js,6.4949
amd64,hermes-v1,code-load.js,5.8939
amd64,hermes-v1,crypto.js,7.6786
amd64,hermes-v1,deltablue.js,7.1679
amd64,hermes-v1,earley-boyer.js,11.7077
amd64,hermes-v1,gbemu.js,6.9889
amd64,hermes-v1,mandreel.js,3.2934
amd64,hermes-v1,navier-stokes.js,9.6013
amd64,hermes-v1,pdfjs.js,6.9639
amd64,hermes-v1,raytrace.js,10.9028
amd64,hermes-v1,regexp.js,4.5834
amd64,hermes-v1,richards.ucode.js,3.5267
amd64,hermes-v1,splay.js,10.2629
amd64,hermes-v1,typescript.js,9.5378
amd64,hermes-v1,zlib.js,1.7187
amd64,hermes-v1_clang,box2d.js,6.3332
amd64,hermes-v1_clang,code-load.js,5.7482
amd64,hermes-v1_clang,crypto.js,7.6368
amd64,hermes-v1_clang,deltablue.js,6.9486
amd64,hermes-v1_clang,earley-boyer.js,11.3274
amd64,hermes-v1_clang,gbemu.js,6.8479
amd64,hermes-v1_clang,mandreel.js,3.2656
amd64,hermes-v1_clang,navier-stokes.js,9.393
amd64,hermes-v1_clang,pdfjs.js,6.6643
amd64,hermes-v1_clang,raytrace.js,10.5966
amd64,hermes-v1_clang,regexp.js,4.5621
amd64,hermes-v1_clang,richards.ucode.js,3.3547
amd64,hermes-v1_clang,splay.js,9.7036
amd64,hermes-v1_clang,typescript.js,9.204
amd64,hermes-v1_clang,zlib.js,1.6963
amd64,hermes_clang,box2d.js,5.017
amd64,hermes_clang,code-load.js,5.462
amd64,hermes_clang,crypto.js,6.3894
amd64,hermes_clang,deltablue.js,5.6309
amd64,hermes_clang,earley-boyer.js,8.5731
amd64,hermes_clang,gbemu.js,5.8487
amd64,hermes_clang,mandreel.js,2.7827
amd64,hermes_clang,navier-stokes.js,6.9234
amd64,hermes_clang,pdfjs.js,4.9027
amd64,hermes_clang,raytrace.js,6.5343
amd64,hermes_clang,regexp.js,4.3669
amd64,hermes_clang,richards.ucode.js,2.9312
amd64,hermes_clang,splay.js,8.8121
amd64,hermes_clang,typescript.js,7.549
amd64,hermes_clang,zlib.js,1.4845
amd64,iv-lv5,box2d.js,6.0499
amd64,iv-lv5,code-load.js,5.32
amd64,iv-lv5,crypto.js,12.6101
amd64,iv-lv5,deltablue.js,8.3296
amd64,iv-lv5,earley-boyer.js,9.7778
amd64,iv-lv5,gbemu.js,6.795
amd64,iv-lv5,mandreel.js,3.2354
amd64,iv-lv5,navier-stokes.js,12.2663
amd64,iv-lv5,pdfjs.js,5.8826
amd64,iv-lv5,raytrace.js,7.6815
amd64,iv-lv5,regexp.js,5.1869
amd64,iv-lv5,richards.ucode.js,3.9588
amd64,iv-lv5,splay.js,9.824
amd64,iv-lv5,typescript.js,8.4545
amd64,iv-lv5,zlib.js,1.7816
amd64,iv-lv5_clang,box2d.js,6.0122
amd64,iv-lv5_clang,code-load.js,5.2383
amd64,iv-lv5_clang,crypto.js,12.5653
amd64,iv-lv5_clang,deltablue.js,8.6875
amd64,iv-lv5_clang,earley-boyer.js,9.1082
amd64,iv-lv5_clang,gbemu.js,6.6889
amd64,iv-lv5_clang,mandreel.js,3.244
amd64,iv-lv5_clang,navier-stokes.js,12.0832
amd64,iv-lv5_clang,pdfjs.js,5.7062
amd64,iv-lv5_clang,raytrace.js,7.5871
amd64,iv-lv5_clang,regexp.js,5.0839
amd64,iv-lv5_clang,richards.ucode.js,3.8903
amd64,iv-lv5_clang,splay.js,9.4091
amd64,iv-lv5_clang,typescript.js,8.3359
amd64,iv-lv5_clang,zlib.js,1.7888
amd64,iv-lv5_jitless,box2d.js,4.5261
amd64,iv-lv5_jitless,code-load.js,6.2676
amd64,iv-lv5_jitless,crypto.js,6.4167
amd64,iv-lv5_jitless,deltablue.js,5.9323
amd64,iv-lv5_jitless,earley-boyer.js,8.2533
amd64,iv-lv5_jitless,gbemu.js,5.6096
amd64,iv-lv5_jitless,mandreel.js,2.6556
amd64,iv-lv5_jitless,navier-stokes.js,6.4865
amd64,iv-lv5_jitless,pdfjs.js,0
amd64,iv-lv5_jitless,raytrace.js,6.5299
amd64,iv-lv5_jitless,regexp.js,4.392
amd64,iv-lv5_jitless,richards.ucode.js,2.5523
amd64,iv-lv5_jitless,splay.js,8.7713
amd64,iv-lv5_jitless,typescript.js,7.4098
amd64,iv-lv5_jitless,zlib.js,1.4788
amd64,jerryscript,box2d.js,1.6644
amd64,jerryscript,code-load.js,2.8433
amd64,jerryscript,crypto.js,3.6063
amd64,jerryscript,deltablue.js,3.3388
amd64,jerryscript,earley-boyer.js,2.0464
amd64,jerryscript,gbemu.js,2.0611
amd64,jerryscript,mandreel.js,1.7306
amd64,jerryscript,navier-stokes.js,4.7065
amd64,jerryscript,pdfjs.js,0
amd64,jerryscript,raytrace.js,4.1539
amd64,jerryscript,regexp.js,1.9939
amd64,jerryscript,richards.ucode.js,1.6068
amd64,jerryscript,splay.js,0
amd64,jerryscript,typescript.js,0
amd64,jerryscript,zlib.js,0
amd64,jerryscript_clang,box2d.js,1.6892
amd64,jerryscript_clang,code-load.js,2.8397
amd64,jerryscript_clang,crypto.js,3.7097
amd64,jerryscript_clang,deltablue.js,3.3746
amd64,jerryscript_clang,earley-boyer.js,2.1678
amd64,jerryscript_clang,gbemu.js,2.1021
amd64,jerryscript_clang,mandreel.js,1.7446
amd64,jerryscript_clang,navier-stokes.js,4.9042
amd64,jerryscript_clang,pdfjs.js,0
amd64,jerryscript_clang,raytrace.js,4.2185
amd64,jerryscript_clang,regexp.js,1.9606
amd64,jerryscript_clang,richards.ucode.js,1.6383
amd64,jerryscript_clang,splay.js,0
amd64,jerryscript_clang,typescript.js,0
amd64,jerryscript_clang,zlib.js,0
amd64,jerryscript_o3,box2d.js,1.6828
amd64,jerryscript_o3,code-load.js,2.8377
amd64,jerryscript_o3,crypto.js,3.89
amd64,jerryscript_o3,deltablue.js,3.5447
amd64,jerryscript_o3,earley-boyer.js,2.0656
amd64,jerryscript_o3,gbemu.js,2.6534
amd64,jerryscript_o3,mandreel.js,1.9359
amd64,jerryscript_o3,navier-stokes.js,5.1195
amd64,jerryscript_o3,pdfjs.js,0
amd64,jerryscript_o3,raytrace.js,4.3504
amd64,jerryscript_o3,regexp.js,1.9865
amd64,jerryscript_o3,richards.ucode.js,1.7203
amd64,jerryscript_o3,splay.js,0
amd64,jerryscript_o3,typescript.js,0
amd64,jerryscript_o3,zlib.js,0
amd64,js-interpreter,box2d.js,0.7818
amd64,js-interpreter,code-load.js,4.2588
amd64,js-interpreter,crypto.js,0.8757
amd64,js-interpreter,deltablue.js,0.8774
amd64,js-interpreter,earley-boyer.js,1.4447
amd64,js-interpreter,gbemu.js,0
amd64,js-interpreter,mandreel.js,0
amd64,js-interpreter,navier-stokes.js,1.159
amd64,js-interpreter,pdfjs.js,0
amd64,js-interpreter,raytrace.js,1.103
amd64,js-interpreter,regexp.js,0.3976
amd64,js-interpreter,richards.ucode.js,0.4381
amd64,js-interpreter,splay.js,2.0269
amd64,js-interpreter,typescript.js,1.4337
amd64,js-interpreter,zlib.js,0
amd64,js-interpreter_jsc,box2d.js,0.8569
amd64,js-interpreter_jsc,code-load.js,0
amd64,js-interpreter_jsc,crypto.js,0.9231
amd64,js-interpreter_jsc,deltablue.js,0.9991
amd64,js-interpreter_jsc,earley-boyer.js,1.5935
amd64,js-interpreter_jsc,gbemu.js,0
amd64,js-interpreter_jsc,mandreel.js,0
amd64,js-interpreter_jsc,navier-stokes.js,1.216
amd64,js-interpreter_jsc,pdfjs.js,0
amd64,js-interpreter_jsc,raytrace.js,1.2852
amd64,js-interpreter_jsc,regexp.js,0
amd64,js-interpreter_jsc,richards.ucode.js,0.4888
amd64,js-interpreter_jsc,splay.js,2.3017
amd64,js-interpreter_jsc,typescript.js,0
amd64,js-interpreter_jsc,zlib.js,0
amd64,js2py,box2d.js,0.5437
amd64,js2py,code-load.js,1.5418
amd64,js2py,crypto.js,0
amd64,js2py,deltablue.js,0.6371
amd64,js2py,earley-boyer.js,0.9867
amd64,js2py,gbemu.js,0
amd64,js2py,mandreel.js,0
amd64,js2py,navier-stokes.js,0.5531
amd64,js2py,pdfjs.js,0
amd64,js2py,raytrace.js,0.8909
amd64,js2py,regexp.js,0
amd64,js2py,richards.ucode.js,0.3069
amd64,js2py,splay.js,1.1211
amd64,js2py,typescript.js,0
amd64,js2py,zlib.js,0
amd64,jsc,box2d.js,9.7915
amd64,jsc,code-load.js,9.7915
amd64,jsc,crypto.js,19.583
amd64,jsc,deltablue.js,19.583
amd64,jsc,earley-boyer.js,19.583
amd64,jsc,gbemu.js,9.7915
amd64,jsc,mandreel.js,9.7915
amd64,jsc,navier-stokes.js,19.583
amd64,jsc,pdfjs.js,9.7915
amd64,jsc,raytrace.js,19.583
amd64,jsc,regexp.js,13.9672
amd64,jsc,richards.ucode.js,9.7915
amd64,jsc,splay.js,19.583
amd64,jsc,typescript.js,9.7915
amd64,jsc,zlib.js,4.8957
amd64,jsc_gcc,box2d.js,9.7915
amd64,jsc_gcc,code-load.js,9.7915
amd64,jsc_gcc,crypto.js,19.583
amd64,jsc_gcc,deltablue.js,19.583
amd64,jsc_gcc,earley-boyer.js,19.583
amd64,jsc_gcc,gbemu.js,9.7915
amd64,jsc_gcc,mandreel.js,9.7915
amd64,jsc_gcc,navier-stokes.js,19.583
amd64,jsc_gcc,pdfjs.js,9.7915
amd64,jsc_gcc,raytrace.js,19.583
amd64,jsc_gcc,regexp.js,13.9372
amd64,jsc_gcc,richards.ucode.js,9.7915
amd64,jsc_gcc,splay.js,19.583
amd64,jsc_gcc,typescript.js,9.7915
amd64,jsc_gcc,zlib.js,4.8957
amd64,jsc_jitless,box2d.js,5.3001
amd64,jsc_jitless,code-load.js,9.7915
amd64,jsc_jitless,crypto.js,7.3989
amd64,jsc_jitless,deltablue.js,5.2397
amd64,jsc_jitless,earley-boyer.js,8.5502
amd64,jsc_jitless,gbemu.js,5.891
amd64,jsc_jitless,mandreel.js,2.5011
amd64,jsc_jitless,navier-stokes.js,7.6982
amd64,jsc_jitless,pdfjs.js,6.1433
amd64,jsc_jitless,raytrace.js,7.6816
amd64,jsc_jitless,regexp.js,4.322
amd64,jsc_jitless,richards.ucode.js,3.086
amd64,jsc_jitless,splay.js,10.1761
amd64,jsc_jitless,typescript.js,7.6934
amd64,jsc_jitless,zlib.js,1.6631
amd64,kiesel,box2d.js,2.047
amd64,kiesel,code-load.js,4.6487
amd64,kiesel,crypto.js,2.2082
amd64,kiesel,deltablue.js,2.0925
amd64,kiesel,earley-boyer.js,2.9344
amd64,kiesel,gbemu.js,2.5891
amd64,kiesel,mandreel.js,0
amd64,kiesel,navier-stokes.js,2.8777
amd64,kiesel,pdfjs.js,0
amd64,kiesel,raytrace.js,2.9488
amd64,kiesel,regexp.js,2.4498
amd64,kiesel,richards.ucode.js,1.053
amd64,kiesel,splay.js,4.6367
amd64,kiesel,typescript.js,0
amd64,kiesel,zlib.js,0
amd64,kjs,box2d.js,3.0752
amd64,kjs,code-load.js,0
amd64,kjs,crypto.js,4.7637
amd64,kjs,deltablue.js,4.1533
amd64,kjs,earley-boyer.js,5.773
amd64,kjs,gbemu.js,0
amd64,kjs,mandreel.js,0
amd64,kjs,navier-stokes.js,3.8618
amd64,kjs,pdfjs.js,0
amd64,kjs,raytrace.js,4.8184
amd64,kjs,regexp.js,0
amd64,kjs,richards.ucode.js,1.9998
amd64,kjs,splay.js,5.6596
amd64,kjs,typescript.js,0
amd64,kjs,zlib.js,0
amd64,kjs_clang,box2d.js,2.914
amd64,kjs_clang,code-load.js,0
amd64,kjs_clang,crypto.js,4.6736
amd64,kjs_clang,deltablue.js,3.863
amd64,kjs_clang,earley-boyer.js,5.6124
amd64,kjs_clang,gbemu.js,0
amd64,kjs_clang,mandreel.js,0
amd64,kjs_clang,navier-stokes.js,3.7412
amd64,kjs_clang,pdfjs.js,0
amd64,kjs_clang,raytrace.js,4.6256
amd64,kjs_clang,regexp.js,0
amd64,kjs_clang,richards.ucode.js,1.8317
amd64,kjs_clang,splay.js,5.3799
amd64,kjs_clang,typescript.js,0
amd64,kjs_clang,zlib.js,0
amd64,libjs,box2d.js,3.8782
amd64,libjs,code-load.js,5.7557
amd64,libjs,crypto.js,5.6459
amd64,libjs,deltablue.js,4.4049
amd64,libjs,earley-boyer.js,6.2601
amd64,libjs,gbemu.js,5.1456
amd64,libjs,mandreel.js,2.2167
amd64,libjs,navier-stokes.js,6.208
amd64,libjs,pdfjs.js,3.8644
amd64,libjs,raytrace.js,5.5012
amd64,libjs,regexp.js,2.0238
amd64,libjs,richards.ucode.js,2.2681
amd64,libjs,splay.js,6.6876
amd64,libjs,typescript.js,5.6529
amd64,libjs,zlib.js,1.6628
amd64,libjs_gcc,box2d.js,3.9782
amd64,libjs_gcc,code-load.js,0
amd64,libjs_gcc,crypto.js,5.2298
amd64,libjs_gcc,deltablue.js,4.4521
amd64,libjs_gcc,earley-boyer.js,6.2558
amd64,libjs_gcc,gbemu.js,0
amd64,libjs_gcc,mandreel.js,2.1407
amd64,libjs_gcc,navier-stokes.js,5.9472
amd64,libjs_gcc,pdfjs.js,3.6923
amd64,libjs_gcc,raytrace.js,5.5748
amd64,libjs_gcc,regexp.js,2.0246
amd64,libjs_gcc,richards.ucode.js,2.2771
amd64,libjs_gcc,splay.js,6.9229
amd64,libjs_gcc,typescript.js,5.6288
amd64,libjs_gcc,zlib.js,1.5125
amd64,mocha,richards.ucode.js,1.1507
amd64,modernc-quickjs,box2d.js,2.2815
amd64,modernc-quickjs,code-load.js,5.5278
amd64,modernc-quickjs,crypto.js,2.783
amd64,modernc-quickjs,deltablue.js,2.7086
amd64,modernc-quickjs,earley-boyer.js,3.9438
amd64,modernc-quickjs,gbemu.js,2.8729
amd64,modernc-quickjs,mandreel.js,1.3077
amd64,modernc-quickjs,navier-stokes.js,3.5043
amd64,modernc-quickjs,pdfjs.js,2.533
amd64,modernc-quickjs,raytrace.js,3.2077
amd64,modernc-quickjs,regexp.js,2.1854
amd64,modernc-quickjs,richards.ucode.js,1.2326
amd64,modernc-quickjs,splay.js,4.7167
amd64,modernc-quickjs,typescript.js,4.0942
amd64,modernc-quickjs,zlib.js,0.9934
amd64,mujs,box2d.js,2.7521
amd64,mujs,code-load.js,0
amd64,mujs,crypto.js,2.8813
amd64,mujs,deltablue.js,3.8666
amd64,mujs,earley-boyer.js,4.5158
amd64,mujs,gbemu.js,0
amd64,mujs,mandreel.js,0
amd64,mujs,navier-stokes.js,4.3974
amd64,mujs,pdfjs.js,0
amd64,mujs,raytrace.js,4.4545
amd64,mujs,regexp.js,0
amd64,mujs,richards.ucode.js,1.704
amd64,mujs,splay.js,5.2666
amd64,mujs,typescript.js,0
amd64,mujs,zlib.js,0
amd64,mujs_gcc,box2d.js,2.6646
amd64,mujs_gcc,code-load.js,0
amd64,mujs_gcc,crypto.js,2.8417
amd64,mujs_gcc,deltablue.js,3.6894
amd64,mujs_gcc,earley-boyer.js,4.4408
amd64,mujs_gcc,gbemu.js,0
amd64,mujs_gcc,mandreel.js,0
amd64,mujs_gcc,navier-stokes.js,4.3184
amd64,mujs_gcc,pdfjs.js,0
amd64,mujs_gcc,raytrace.js,4.3176
amd64,mujs_gcc,regexp.js,0
amd64,mujs_gcc,richards.ucode.js,1.6238
amd64,mujs_gcc,splay.js,5.1706
amd64,mujs_gcc,typescript.js,0
amd64,mujs_gcc,zlib.js,0
amd64,narcissus,richards.ucode.js,0.4955
amd64,nashorn,box2d.js,2.3135
amd64,nashorn,code-load.js,2.7968
amd64,nashorn,crypto.js,11.0807
amd64,nashorn,deltablue.js,12.1396
amd64,nashorn,earley-boyer.js,12.8238
amd64,nashorn,gbemu.js,3.2891
amd64,nashorn,mandreel.js,2.2386
amd64,nashorn,navier-stokes.js,11.8678
amd64,nashorn,pdfjs.js,3.1418
amd64,nashorn,raytrace.js,8.044
amd64,nashorn,regexp.js,5.9801
amd64,nashorn,richards.ucode.js,7.349
amd64,nashorn,splay.js,16.8797
amd64,nashorn,typescript.js,4.7674
amd64,nashorn,zlib.js,1.1303
amd64,nashorn_ot,box2d.js,2.1478
amd64,nashorn_ot,code-load.js,1.7051
amd64,nashorn_ot,crypto.js,16.7646
amd64,nashorn_ot,deltablue.js,10.5806
amd64,nashorn_ot,earley-boyer.js,11.1227
amd64,nashorn_ot,gbemu.js,3.3461
amd64,nashorn_ot,mandreel.js,2.4087
amd64,nashorn_ot,navier-stokes.js,19.583
amd64,nashorn_ot,pdfjs.js,2.7198
amd64,nashorn_ot,raytrace.js,7.7719
amd64,nashorn_ot,regexp.js,6.0699
amd64,nashorn_ot,richards.ucode.js,8.7113
amd64,nashorn_ot,splay.js,16.7736
amd64,nashorn_ot,typescript.js,3.9054
amd64,nashorn_ot,zlib.js,1.084
amd64,njs,box2d.js,3.5849
amd64,njs,code-load.js,0
amd64,njs,crypto.js,5.2194
amd64,njs,deltablue.js,4.1925
amd64,njs,earley-boyer.js,6.8331
amd64,njs,gbemu.js,0
amd64,njs,mandreel.js,0
amd64,njs,navier-stokes.js,0
amd64,njs,pdfjs.js,0
amd64,njs,raytrace.js,4.7424
amd64,njs,regexp.js,0
amd64,njs,richards.ucode.js,2.1209
amd64,njs,splay.js,7.5323
amd64,njs,typescript.js,0
amd64,njs,zlib.js,0
amd64,nova,box2d.js,1.407
amd64,nova,code-load.js,0
amd64,nova,crypto.js,1.5272
amd64,nova,deltablue.js,1.7602
amd64,nova,earley-boyer.js,2.2102
amd64,nova,gbemu.js,1.7148
amd64,nova,mandreel.js,0.4036
amd64,nova,navier-stokes.js,1.821
amd64,nova,pdfjs.js,1.6171
amd64,nova,raytrace.js,2.454
amd64,nova,regexp.js,0
amd64,nova,richards.ucode.js,0.8195
amd64,nova,splay.js,2.4411
amd64,nova,typescript.js,0
amd64,nova,zlib.js,0.4967
amd64,otto,box2d.js,1.2347
amd64,otto,code-load.js,0
amd64,otto,crypto.js,1.2725
amd64,otto,deltablue.js,1.2705
amd64,otto,earley-boyer.js,2.1555
amd64,otto,gbemu.js,0
amd64,otto,mandreel.js,0
amd64,otto,navier-stokes.js,1.5259
amd64,otto,pdfjs.js,0
amd64,otto,raytrace.js,2.0171
amd64,otto,regexp.js,0
amd64,otto,richards.ucode.js,0.6517
amd64,otto,splay.js,2.992
amd64,otto,typescript.js,0
amd64,otto,zlib.js,0
amd64,porffor,richards.ucode.js,2.7303
amd64,primjs,box2d.js,3.7415
amd64,primjs,code-load.js,7.3395
amd64,primjs,crypto.js,4.9741
amd64,primjs,deltablue.js,4.646
amd64,primjs,earley-boyer.js,6.303
amd64,primjs,gbemu.js,5.2106
amd64,primjs,mandreel.js,2.2247
amd64,primjs,navier-stokes.js,6.0096
amd64,primjs,pdfjs.js,4.4108
amd64,primjs,raytrace.js,5.3687
amd64,primjs,regexp.js,3.1983
amd64,primjs,richards.ucode.js,2.3116
amd64,primjs,splay.js,6.7696
amd64,primjs,typescript.js,6.3979
amd64,primjs,zlib.js,1.6145
amd64,quickjs,box2d.js,4.4956
amd64,quickjs,code-load.js,7.9431
amd64,quickjs,crypto.js,5.8293
amd64,quickjs,deltablue.js,5.2587
amd64,quickjs,earley-boyer.js,6.9119
amd64,quickjs,gbemu.js,6.2745
amd64,quickjs,mandreel.js,2.7209
amd64,quickjs,navier-stokes.js,7.3749
amd64,quickjs,pdfjs.js,4.8148
amd64,quickjs,raytrace.js,6.3938
amd64,quickjs,regexp.js,3.93
amd64,quickjs,richards.ucode.js,2.7484
amd64,quickjs,splay.js,8.4016
amd64,quickjs,typescript.js,7.0515
amd64,quickjs,zlib.js,1.8538
amd64,quickjs-ng,box2d.js,4.1128
amd64,quickjs-ng,code-load.js,7.6334
amd64,quickjs-ng,crypto.js,5.2956
amd64,quickjs-ng,deltablue.js,4.9914
amd64,quickjs-ng,earley-boyer.js,6.6408
amd64,quickjs-ng,gbemu.js,5.4862
amd64,quickjs-ng,mandreel.js,2.2939
amd64,quickjs-ng,navier-stokes.js,6.2027
amd64,quickjs-ng,pdfjs.js,4.4416
amd64,quickjs-ng,raytrace.js,5.4884
amd64,quickjs-ng,regexp.js,3.2668
amd64,quickjs-ng,richards.ucode.js,2.5604
amd64,quickjs-ng,splay.js,8.2652
amd64,quickjs-ng,typescript.js,6.7912
amd64,quickjs-ng,zlib.js,1.7268
amd64,quickjs-ng_gcc,box2d.js,4.0455
amd64,quickjs-ng_gcc,code-load.js,7.664
amd64,quickjs-ng_gcc,crypto.js,4.0813
amd64,quickjs-ng_gcc,deltablue.js,4.9876
amd64,quickjs-ng_gcc,earley-boyer.js,6.5582
amd64,quickjs-ng_gcc,gbemu.js,4.8595
amd64,quickjs-ng_gcc,mandreel.js,1.9262
amd64,quickjs-ng_gcc,navier-stokes.js,5.889
amd64,quickjs-ng_gcc,pdfjs.js,4.1871
amd64,quickjs-ng_gcc,raytrace.js,5.4557
amd64,quickjs-ng_gcc,regexp.js,3.2021
amd64,quickjs-ng_gcc,richards.ucode.js,2.4332
amd64,quickjs-ng_gcc,splay.js,7.9978
amd64,quickjs-ng_gcc,typescript.js,6.6435
amd64,quickjs-ng_gcc,zlib.js,1.2178
amd64,quickjs_gcc,box2d.js,4.3975
amd64,quickjs_gcc,code-load.js,8.1664
amd64,quickjs_gcc,crypto.js,4.2125
amd64,quickjs_gcc,deltablue.js,5.0845
amd64,quickjs_gcc,earley-boyer.js,6.9269
amd64,quickjs_gcc,gbemu.js,5.3236
amd64,quickjs_gcc,mandreel.js,2.0818
amd64,quickjs_gcc,navier-stokes.js,6.5698
amd64,quickjs_gcc,pdfjs.js,4.5213
amd64,quickjs_gcc,raytrace.js,6.2503
amd64,quickjs_gcc,regexp.js,4.1181
amd64,quickjs_gcc,richards.ucode.js,2.6056
amd64,quickjs_gcc,splay.js,8.3717
amd64,quickjs_gcc,typescript.js,6.989
amd64,quickjs_gcc,zlib.js,1.2484
amd64,qv4,box2d.js,4.8782
amd64,qv4,code-load.js,6.162
amd64,qv4,crypto.js,8.9699
amd64,qv4,deltablue.js,5.9682
amd64,qv4,earley-boyer.js,8.3403
amd64,qv4,gbemu.js,6.1488
amd64,qv4,mandreel.js,2.8608
amd64,qv4,navier-stokes.js,0
amd64,qv4,pdfjs.js,0
amd64,qv4,raytrace.js,6.6988
amd64,qv4,regexp.js,6.0284
amd64,qv4,richards.ucode.js,3.0297
amd64,qv4,splay.js,8.9171
amd64,qv4,typescript.js,7.4939
amd64,qv4,zlib.js,2.2359
amd64,qv4_clang,box2d.js,4.844
amd64,qv4_clang,code-load.js,6.1319
amd64,qv4_clang,crypto.js,8.9717
amd64,qv4_clang,deltablue.js,5.9479
amd64,qv4_clang,earley-boyer.js,8.3546
amd64,qv4_clang,gbemu.js,5.9843
amd64,qv4_clang,mandreel.js,2.7382
amd64,qv4_clang,navier-stokes.js,0
amd64,qv4_clang,pdfjs.js,0
amd64,qv4_clang,raytrace.js,6.65
amd64,qv4_clang,regexp.js,6.1397
amd64,qv4_clang,richards.ucode.js,2.9953
amd64,qv4_clang,splay.js,9.0213
amd64,qv4_clang,typescript.js,7.4871
amd64,qv4_clang,zlib.js,2.1351
amd64,qv4_jitless,box2d.js,4.5305
amd64,qv4_jitless,code-load.js,6.12
amd64,qv4_jitless,crypto.js,6.8916
amd64,qv4_jitless,deltablue.js,5.4155
amd64,qv4_jitless,earley-boyer.js,7.8522
amd64,qv4_jitless,gbemu.js,5.5181
amd64,qv4_jitless,mandreel.js,2.4661
amd64,qv4_jitless,navier-stokes.js,0
amd64,qv4_jitless,pdfjs.js,0
amd64,qv4_jitless,raytrace.js,6.4526
amd64,qv4_jitless,regexp.js,4.0009
amd64,qv4_jitless,richards.ucode.js,2.7333
amd64,qv4_jitless,splay.js,8.9363
amd64,qv4_jitless,typescript.js,7.0625
amd64,qv4_jitless,zlib.js,1.8107
amd64,rhino,box2d.js,1.7483
amd64,rhino,code-load.js,7.0237
amd64,rhino,crypto.js,6.8705
amd64,rhino,deltablue.js,5.8509
amd64,rhino,earley-boyer.js,7.3211
amd64,rhino,gbemu.js,3.5167
amd64,rhino,mandreel.js,0
amd64,rhino,navier-stokes.js,5.4338
amd64,rhino,pdfjs.js,2.8239
amd64,rhino,raytrace.js,5.7179
amd64,rhino,regexp.js,3.1552
amd64,rhino,richards.ucode.js,3.1309
amd64,rhino,splay.js,10.0596
amd64,rhino,typescript.js,4.052
amd64,rhino,zlib.js,0
amd64,sablejs,box2d.js,1.8965
amd64,sablejs,code-load.js,0
amd64,sablejs,crypto.js,2.4819
amd64,sablejs,deltablue.js,2.5323
amd64,sablejs,earley-boyer.js,3.7351
amd64,sablejs,gbemu.js,0
amd64,sablejs,mandreel.js,0
amd64,sablejs,navier-stokes.js,2.7965
amd64,sablejs,pdfjs.js,0
amd64,sablejs,raytrace.js,3.276
amd64,sablejs,regexp.js,3.8722
amd64,sablejs,richards.ucode.js,1.1821
amd64,sablejs,splay.js,4.3537
amd64,sablejs,typescript.js,3.4077
amd64,sablejs,zlib.js,0
amd64,sobek,box2d.js,2.0915
amd64,sobek,code-load.js,7.5364
amd64,sobek,crypto.js,2.2944
amd64,sobek,deltablue.js,3.1612
amd64,sobek,earley-boyer.js,4.2461
amd64,sobek,gbemu.js,2.6873
amd64,sobek,mandreel.js,1.127
amd64,sobek,navier-stokes.js,2.8432
amd64,sobek,pdfjs.js,2.1523
amd64,sobek,raytrace.js,3.373
amd64,sobek,regexp.js,2.7957
amd64,sobek,richards.ucode.js,1.427
amd64,sobek,splay.js,5.6635
amd64,sobek,typescript.js,4.2783
amd64,sobek,zlib.js,0.7129
amd64,sophonjs,box2d.js,0
amd64,sophonjs,code-load.js,0
amd64,sophonjs,crypto.js,3.2186
amd64,sophonjs,deltablue.js,3.1322
amd64,sophonjs,earley-boyer.js,0
amd64,sophonjs,gbemu.js,0
amd64,sophonjs,mandreel.js,0
amd64,sophonjs,navier-stokes.js,0
amd64,sophonjs,pdfjs.js,0
amd64,sophonjs,raytrace.js,4.2144
amd64,sophonjs,regexp.js,0
amd64,sophonjs,richards.ucode.js,1.4894
amd64,sophonjs,splay.js,0
amd64,sophonjs,typescript.js,0
amd64,sophonjs,zlib.js,0
amd64,spidermonkey,box2d.js,9.7915
amd64,spidermonkey,code-load.js,9.7915
amd64,spidermonkey,crypto.js,17.7055
amd64,spidermonkey,deltablue.js,15.483
amd64,spidermonkey,earley-boyer.js,19.583
amd64,spidermonkey,gbemu.js,9.7915
amd64,spidermonkey,mandreel.js,9.7915
amd64,spidermonkey,navier-stokes.js,19.583
amd64,spidermonkey,pdfjs.js,9.7915
amd64,spidermonkey,raytrace.js,19.583
amd64,spidermonkey,regexp.js,12.671
amd64,spidermonkey,richards.ucode.js,7.2096
amd64,spidermonkey,splay.js,19.583
amd64,spidermonkey,typescript.js,0
amd64,spidermonkey,zlib.js,4.8957
amd64,spidermonkey_1.5,box2d.js,2.6991
amd64,spidermonkey_1.5,code-load.js,7.6529
amd64,spidermonkey_1.5,crypto.js,3.8956
amd64,spidermonkey_1.5,deltablue.js,3.9164
amd64,spidermonkey_1.5,earley-boyer.js,4.0393
amd64,spidermonkey_1.5,gbemu.js,0
amd64,spidermonkey_1.5,mandreel.js,0
amd64,spidermonkey_1.5,navier-stokes.js,4.1627
amd64,spidermonkey_1.5,pdfjs.js,0
amd64,spidermonkey_1.5,raytrace.js,4.1204
amd64,spidermonkey_1.5,regexp.js,3.4362
amd64,spidermonkey_1.5,richards.ucode.js,2.0456
amd64,spidermonkey_1.5,splay.js,4.5876
amd64,spidermonkey_1.5,typescript.js,0
amd64,spidermonkey_1.5,zlib.js,0
amd64,spidermonkey_1.6,box2d.js,2.592
amd64,spidermonkey_1.6,code-load.js,7.4821
amd64,spidermonkey_1.6,crypto.js,3.6256
amd64,spidermonkey_1.6,deltablue.js,3.5797
amd64,spidermonkey_1.6,earley-boyer.js,3.9071
amd64,spidermonkey_1.6,gbemu.js,0
amd64,spidermonkey_1.6,mandreel.js,0
amd64,spidermonkey_1.6,navier-stokes.js,3.9178
amd64,spidermonkey_1.6,pdfjs.js,0
amd64,spidermonkey_1.6,raytrace.js,4.1126
amd64,spidermonkey_1.6,regexp.js,3.4621
amd64,spidermonkey_1.6,richards.ucode.js,1.7773
amd64,spidermonkey_1.6,splay.js,4.8569
amd64,spidermonkey_1.6,typescript.js,0
amd64,spidermonkey_1.6,zlib.js,0
amd64,spidermonkey_1.7,box2d.js,3.0882
amd64,spidermonkey_1.7,code-load.js,7.3448
amd64,spidermonkey_1.7,crypto.js,5.0308
amd64,spidermonkey_1.7,deltablue.js,4.3079
amd64,spidermonkey_1.7,earley-boyer.js,4.4084
amd64,spidermonkey_1.7,gbemu.js,0
amd64,spidermonkey_1.7,mandreel.js,0
amd64,spidermonkey_1.7,navier-stokes.js,4.4993
amd64,spidermonkey_1.7,pdfjs.js,0
amd64,spidermonkey_1.7,raytrace.js,4.4126
amd64,spidermonkey_1.7,regexp.js,3.879
amd64,spidermonkey_1.7,richards.ucode.js,2.351
amd64,spidermonkey_1.7,splay.js,4.9152
amd64,spidermonkey_1.7,typescript.js,0
amd64,spidermonkey_1.7,zlib.js,0
amd64,spidermonkey_1.8.0,box2d.js,3.4006
amd64,spidermonkey_1.8.0,code-load.js,9.0522
amd64,spidermonkey_1.8.0,crypto.js,4.5979
amd64,spidermonkey_1.8.0,deltablue.js,4.8492
amd64,spidermonkey_1.8.0,earley-boyer.js,5.2613
amd64,spidermonkey_1.8.0,gbemu.js,0
amd64,spidermonkey_1.8.0,mandreel.js,0
amd64,spidermonkey_1.8.0,navier-stokes.js,5.607
amd64,spidermonkey_1.8.0,pdfjs.js,0
amd64,spidermonkey_1.8.0,raytrace.js,4.4561
amd64,spidermonkey_1.8.0,regexp.js,4.1082
amd64,spidermonkey_1.8.0,richards.ucode.js,2.4238
amd64,spidermonkey_1.8.0,splay.js,4.7296
amd64,spidermonkey_1.8.0,typescript.js,5.4212
amd64,spidermonkey_1.8.0,zlib.js,0
amd64,spidermonkey_1.8.5,box2d.js,4.6476
amd64,spidermonkey_1.8.5,code-load.js,9.3632
amd64,spidermonkey_1.8.5,crypto.js,15.3654
amd64,spidermonkey_1.8.5,deltablue.js,10.3183
amd64,spidermonkey_1.8.5,earley-boyer.js,7.9709
amd64,spidermonkey_1.8.5,gbemu.js,6.6548
amd64,spidermonkey_1.8.5,mandreel.js,2.4269
amd64,spidermonkey_1.8.5,navier-stokes.js,15.1976
amd64,spidermonkey_1.8.5,pdfjs.js,6.4516
amd64,spidermonkey_1.8.5,raytrace.js,7.8188
amd64,spidermonkey_1.8.5,regexp.js,6.7419
amd64,spidermonkey_1.8.5,richards.ucode.js,7.5874
amd64,spidermonkey_1.8.5,splay.js,8.3435
amd64,spidermonkey_1.8.5,typescript.js,6.998
amd64,spidermonkey_1.8.5,zlib.js,1.9705
amd64,spidermonkey_17,box2d.js,6.9136
amd64,spidermonkey_17,code-load.js,9.3636
amd64,spidermonkey_17,crypto.js,10.9375
amd64,spidermonkey_17,deltablue.js,10.1659
amd64,spidermonkey_17,earley-boyer.js,13.8843
amd64,spidermonkey_17,gbemu.js,9.4548
amd64,spidermonkey_17,mandreel.js,4.3195
amd64,spidermonkey_17,navier-stokes.js,10.9892
amd64,spidermonkey_17,pdfjs.js,7.6325
amd64,spidermonkey_17,raytrace.js,12.1708
amd64,spidermonkey_17,regexp.js,6.5598
amd64,spidermonkey_17,richards.ucode.js,5.4533
amd64,spidermonkey_17,splay.js,15.0913
amd64,spidermonkey_17,typescript.js,9.7915
amd64,spidermonkey_17,zlib.js,3.1875
amd64,spidermonkey_24,box2d.js,7.8683
amd64,spidermonkey_24,code-load.js,9.7915
amd64,spidermonkey_24,crypto.js,19.583
amd64,spidermonkey_24,deltablue.js,19.583
amd64,spidermonkey_24,earley-boyer.js,19.0808
amd64,spidermonkey_24,gbemu.js,9.7915
amd64,spidermonkey_24,mandreel.js,6.3794
amd64,spidermonkey_24,navier-stokes.js,19.583
amd64,spidermonkey_24,pdfjs.js,8.4985
amd64,spidermonkey_24,raytrace.js,19.583
amd64,spidermonkey_24,regexp.js,7.9932
amd64,spidermonkey_24,richards.ucode.js,9.7915
amd64,spidermonkey_24,splay.js,17.6061
amd64,spidermonkey_24,typescript.js,8.6257
amd64,spidermonkey_24,zlib.js,4.8957
amd64,spidermonkey_gcc,box2d.js,9.7915
amd64,spidermonkey_gcc,code-load.js,9.7915
amd64,spidermonkey_gcc,crypto.js,17.5507
amd64,spidermonkey_gcc,deltablue.js,15.4035
amd64,spidermonkey_gcc,earley-boyer.js,19.583
amd64,spidermonkey_gcc,gbemu.js,9.7915
amd64,spidermonkey_gcc,mandreel.js,9.7216
amd64,spidermonkey_gcc,navier-stokes.js,19.583
amd64,spidermonkey_gcc,pdfjs.js,9.7915
amd64,spidermonkey_gcc,raytrace.js,19.583
amd64,spidermonkey_gcc,regexp.js,12.6498
amd64,spidermonkey_gcc,richards.ucode.js,7.1872
amd64,spidermonkey_gcc,splay.js,19.0621
amd64,spidermonkey_gcc,typescript.js,0
amd64,spidermonkey_gcc,zlib.js,4.8957
amd64,spidermonkey_jitless,box2d.js,3.0853
amd64,spidermonkey_jitless,code-load.js,9.7915
amd64,spidermonkey_jitless,crypto.js,4.7207
amd64,spidermonkey_jitless,deltablue.js,3.1203
amd64,spidermonkey_jitless,earley-boyer.js,5.6329
amd64,spidermonkey_jitless,gbemu.js,3.7414
amd64,spidermonkey_jitless,mandreel.js,1.572
amd64,spidermonkey_jitless,navier-stokes.js,5.6438
amd64,spidermonkey_jitless,pdfjs.js,4.4413
amd64,spidermonkey_jitless,raytrace.js,4.9029
amd64,spidermonkey_jitless,regexp.js,3.9741
amd64,spidermonkey_jitless,richards.ucode.js,1.5546
amd64,spidermonkey_jitless,splay.js,7.1172
amd64,spidermonkey_jitless,typescript.js,5.043
amd64,spidermonkey_jitless,zlib.js,1.3127
amd64,starlight,richards.ucode.js,1.3663
amd64,twostroke,richards.ucode.js,0.3125
amd64,ucode,richards.ucode.js,0.8639
amd64,v8,box2d.js,9.7915
amd64,v8,code-load.js,9.7915
amd64,v8,crypto.js,19.583
amd64,v8,deltablue.js,19.583
amd64,v8,earley-boyer.js,19.583
amd64,v8,gbemu.js,9.7915
amd64,v8,mandreel.js,9.7915
amd64,v8,navier-stokes.js,19.583
amd64,v8,pdfjs.js,9.7915
amd64,v8,raytrace.js,19.583
amd64,v8,regexp.js,13.2943
amd64,v8,richards.ucode.js,9.7915
amd64,v8,splay.js,19.583
amd64,v8,typescript.js,9.7915
amd64,v8,zlib.js,4.8957
amd64,v8_gcc,box2d.js,9.7915
amd64,v8_gcc,code-load.js,9.7915
amd64,v8_gcc,crypto.js,19.583
amd64,v8_gcc,deltablue.js,19.583
amd64,v8_gcc,earley-boyer.js,19.583
amd64,v8_gcc,gbemu.js,9.7915
amd64,v8_gcc,mandreel.js,9.7915
amd64,v8_gcc,navier-stokes.js,19.583
amd64,v8_gcc,pdfjs.js,9.7915
amd64,v8_gcc,raytrace.js,19.583
amd64,v8_gcc,regexp.js,13.3408
amd64,v8_gcc,richards.ucode.js,9.7915
amd64,v8_gcc,splay.js,19.583
amd64,v8_gcc,typescript.js,9.7915
amd64,v8_gcc,zlib.js,4.8957
amd64,v8_jitless,box2d.js,5.2243
amd64,v8_jitless,code-load.js,9.7915
amd64,v8_jitless,crypto.js,6.4595
amd64,v8_jitless,deltablue.js,7.0137
amd64,v8_jitless,earley-boyer.js,11.5419
amd64,v8_jitless,gbemu.js,6.3219
amd64,v8_jitless,mandreel.js,2.6771
amd64,v8_jitless,navier-stokes.js,7.473
amd64,v8_jitless,pdfjs.js,7.0617
amd64,v8_jitless,raytrace.js,9.6411
amd64,v8_jitless,regexp.js,8.129
amd64,v8_jitless,richards.ucode.js,3.3789
amd64,v8_jitless,splay.js,12.6246
amd64,v8_jitless,typescript.js,9.3452
amd64,v8_jitless,zlib.js,1.844
amd64,v8_pgo,box2d.js,9.7915
amd64,v8_pgo,code-load.js,9.7915
amd64,v8_pgo,crypto.js,19.583
amd64,v8_pgo,deltablue.js,19.583
amd64,v8_pgo,earley-boyer.js,19.583
amd64,v8_pgo,gbemu.js,9.7915
amd64,v8_pgo,mandreel.js,9.7915
amd64,v8_pgo,navier-stokes.js,19.583
amd64,v8_pgo,pdfjs.js,9.7915
amd64,v8_pgo,raytrace.js,19.583
amd64,v8_pgo,regexp.js,13.3337
amd64,v8_pgo,richards.ucode.js,9.7915
amd64,v8_pgo,splay.js,19.583
amd64,v8_pgo,typescript.js,9.7915
amd64,v8_pgo,zlib.js,4.8957
amd64,xs,box2d.js,3.7247
amd64,xs,code-load.js,0
amd64,xs,crypto.js,3.9988
amd64,xs,deltablue.js,3.9432
amd64,xs,earley-boyer.js,3.9104
amd64,xs,gbemu.js,0
amd64,xs,mandreel.js,0.4235
amd64,xs,navier-stokes.js,5.4955
amd64,xs,pdfjs.js,0
amd64,xs,raytrace.js,5.6313
amd64,xs,regexp.js,2.384
amd64,xs,richards.ucode.js,1.6608
amd64,xs,splay.js,3.598
amd64,xs,typescript.js,0
amd64,xs,zlib.js,0
amd64,xs_clang,box2d.js,3.4788
amd64,xs_clang,code-load.js,0
amd64,xs_clang,crypto.js,3.7092
amd64,xs_clang,deltablue.js,3.6541
amd64,xs_clang,earley-boyer.js,3.8012
amd64,xs_clang,gbemu.js,0
amd64,xs_clang,mandreel.js,0.4226
amd64,xs_clang,navier-stokes.js,5.1058
amd64,xs_clang,pdfjs.js,0
amd64,xs_clang,raytrace.js,5.3522
amd64,xs_clang,regexp.js,2.3061
amd64,xs_clang,richards.ucode.js,1.5583
amd64,xs_clang,splay.js,3.4945
amd64,xs_clang,typescript.js,0
amd64,xs_clang,zlib.js,0
amd64,yavashark,box2d.js,2.4513
amd64,yavashark,code-load.js,0
amd64,yavashark,crypto.js,1.1945
amd64,yavashark,deltablue.js,1.1048
amd64,yavashark,earley-boyer.js,0
amd64,yavashark,gbemu.js,0
amd64,yavashark,mandreel.js,0
amd64,yavashark,navier-stokes.js,0
amd64,yavashark,pdfjs.js,0
amd64,yavashark,raytrace.js,1.8425
amd64,yavashark,regexp.js,0
amd64,yavashark,richards.ucode.js,0.5344
amd64,yavashark,splay.js,2.598
amd64,yavashark,typescript.js,0
amd64,yavashark,zlib.js,0
arm64,besen,crypto.js,2.336
arm64,besen,deltablue.js,1.6502
arm64,besen,navier-stokes.js,3.7969
arm64,besen,richards.ucode.js,1.0062
arm64,boa,box2d.js,3.1175
arm64,boa,code-load.js,5.68
arm64,boa,crypto.js,3.0052
arm64,boa,deltablue.js,3.2324
arm64,boa,earley-boyer.js,4.5765
arm64,boa,gbemu.js,3.3325
arm64,boa,mandreel.js,1.4005
arm64,boa,navier-stokes.js,4.1175
arm64,boa,pdfjs.js,3.008
arm64,boa,raytrace.js,4.32
arm64,boa,regexp.js,2.0566
arm64,boa,richards.ucode.js,1.6188
arm64,boa,splay.js,4.7244
arm64,boa,typescript.js,0
arm64,boa,zlib.js,0.8154
arm64,brimstone,box2d.js,2.7734
arm64,brimstone,code-load.js,9.7915
arm64,brimstone,crypto.js,3.5412
arm64,brimstone,deltablue.js,3.6257
arm64,brimstone,earley-boyer.js,6.024
arm64,brimstone,gbemu.js,3.3949
arm64,brimstone,mandreel.js,1.4453
arm64,brimstone,navier-stokes.js,4.0347
arm64,brimstone,pdfjs.js,3.4307
arm64,brimstone,raytrace.js,4.7774
arm64,brimstone,regexp.js,3.1123
arm64,brimstone,richards.ucode.js,1.5372
arm64,brimstone,splay.js,6.7458
arm64,brimstone,typescript.js,5.1005
arm64,brimstone,zlib.js,1.1463
arm64,castl,box2d.js,4.7526
arm64,castl,code-load.js,0
arm64,castl,crypto.js,4.1667
arm64,castl,deltablue.js,4.0023
arm64,castl,earley-boyer.js,0
arm64,castl,gbemu.js,0
arm64,castl,mandreel.js,0
arm64,castl,navier-stokes.js,4.2892
arm64,castl,pdfjs.js,0
arm64,castl,raytrace.js,4.46
arm64,castl,regexp.js,0
arm64,castl,richards.ucode.js,2.7543
arm64,castl,splay.js,7.4639
arm64,castl,typescript.js,0
arm64,castl,zlib.js,0
arm64,cesanta-v7,richards.ucode.js,0.3524
arm64,chakracore,box2d.js,3.985
arm64,chakracore,code-load.js,9.7915
arm64,chakracore,crypto.js,5.0438
arm64,chakracore,deltablue.js,3.8794
arm64,chakracore,earley-boyer.js,6.6845
arm64,chakracore,gbemu.js,4.9389
arm64,chakracore,mandreel.js,2.1534
arm64,chakracore,navier-stokes.js,5.4256
arm64,chakracore,pdfjs.js,5.1688
arm64,chakracore,raytrace.js,5.8103
arm64,chakracore,regexp.js,7.1882
arm64,chakracore,richards.ucode.js,2.0435
arm64,chakracore,splay.js,9.8042
arm64,chakracore,typescript.js,6.5102
arm64,chakracore,zlib.js,1.6164
arm64,chakracore_jitless,box2d.js,3.9927
arm64,chakracore_jitless,code-load.js,9.7915
arm64,chakracore_jitless,crypto.js,4.9442
arm64,chakracore_jitless,deltablue.js,3.8763
arm64,chakracore_jitless,earley-boyer.js,6.7485
arm64,chakracore_jitless,gbemu.js,4.9444
arm64,chakracore_jitless,mandreel.js,2.1875
arm64,chakracore_jitless,navier-stokes.js,5.5804
arm64,chakracore_jitless,pdfjs.js,5.2637
arm64,chakracore_jitless,raytrace.js,5.6961
arm64,chakracore_jitless,regexp.js,7.3936
arm64,chakracore_jitless,richards.ucode.js,1.9818
arm64,chakracore_jitless,splay.js,9.5891
arm64,chakracore_jitless,typescript.js,6.4679
arm64,chakracore_jitless,zlib.js,1.616
arm64,dmdscript,box2d.js,0
arm64,dmdscript,code-load.js,0
arm64,dmdscript,crypto.js,0
arm64,dmdscript,deltablue.js,1.7121
arm64,dmdscript,earley-boyer.js,3.1559
arm64,dmdscript,gbemu.js,0
arm64,dmdscript,mandreel.js,0
arm64,dmdscript,navier-stokes.js,0
arm64,dmdscript,pdfjs.js,0
arm64,dmdscript,raytrace.js,3.3466
arm64,dmdscript,regexp.js,0
arm64,dmdscript,richards.ucode.js,0.7899
arm64,dmdscript,splay.js,0
arm64,dmdscript,typescript.js,0
arm64,dmdscript,zlib.js,0
arm64,duktape,box2d.js,4.4308
arm64,duktape,code-load.js,9.0967
arm64,duktape,crypto.js,6.6775
arm64,duktape,deltablue.js,4.8644
arm64,duktape,earley-boyer.js,6.5968
arm64,duktape,gbemu.js,5.6946
arm64,duktape,mandreel.js,0
arm64,duktape,navier-stokes.js,7.6141
arm64,duktape,pdfjs.js,2.466
arm64,duktape,raytrace.js,6.2572
arm64,duktape,regexp.js,3.5817
arm64,duktape,richards.ucode.js,2.2597
arm64,duktape,splay.js,8.3674
arm64,duktape,typescript.js,0
arm64,duktape,zlib.js,1.5176
arm64,duktape_clang,box2d.js,4.6649
arm64,duktape_clang,code-load.js,8.9738
arm64,duktape_clang,crypto.js,6.8671
arm64,duktape_clang,deltablue.js,5.0279
arm64,duktape_clang,earley-boyer.js,6.8383
arm64,duktape_clang,gbemu.js,5.9423
arm64,duktape_clang,mandreel.js,0
arm64,duktape_clang,navier-stokes.js,8.0234
arm64,duktape_clang,pdfjs.js,2.3996
arm64,duktape_clang,raytrace.js,6.8262
arm64,duktape_clang,regexp.js,3.8357
arm64,duktape_clang,richards.ucode.js,2.3366
arm64,duktape_clang,splay.js,8.651
arm64,duktape_clang,typescript.js,0
arm64,duktape_clang,zlib.js,1.6501
arm64,engine262,crypto.js,0.305
arm64,engine262,deltablue.js,0.3182
arm64,engine262,earley-boyer.js,0.4588
arm64,engine262,mandreel.js,0.1304
arm64,engine262,navier-stokes.js,0.3806
arm64,engine262,pdfjs.js,0.343
arm64,engine262,raytrace.js,0.4932
arm64,engine262,regexp.js,0.4337
arm64,engine262,richards.ucode.js,0.1652
arm64,engine262,splay.js,0.6681
arm64,engine262,typescript.js,0.5025
arm64,engine262,zlib.js,0
arm64,escargot,box2d.js,6.3277
arm64,escargot,code-load.js,9.623
arm64,escargot,crypto.js,9.2357
arm64,escargot,deltablue.js,7.4068
arm64,escargot,earley-boyer.js,10.4211
arm64,escargot,gbemu.js,8.2315
arm64,escargot,mandreel.js,3.7096
arm64,escargot,navier-stokes.js,9.7482
arm64,escargot,pdfjs.js,6.9116
arm64,escargot,raytrace.js,9.1632
arm64,escargot,regexp.js,4.4782
arm64,escargot,richards.ucode.js,3.6318
arm64,escargot,splay.js,7.4716
arm64,escargot,typescript.js,8.8442
arm64,escargot,zlib.js,2.4964
arm64,escargot_clang,box2d.js,6.262
arm64,escargot_clang,code-load.js,9.7915
arm64,escargot_clang,crypto.js,8.7397
arm64,escargot_clang,deltablue.js,7.4223
arm64,escargot_clang,earley-boyer.js,10.2967
arm64,escargot_clang,gbemu.js,8.3093
arm64,escargot_clang,mandreel.js,3.5779
arm64,escargot_clang,navier-stokes.js,9.3812
arm64,escargot_clang,pdfjs.js,6.7893
arm64,escargot_clang,raytrace.js,9.1691
arm64,escargot_clang,regexp.js,4.6518
arm64,escargot_clang,richards.ucode.js,3.7534
arm64,escargot_clang,splay.js,7.417
arm64,escargot_clang,typescript.js,8.3668
arm64,escargot_clang,zlib.js,2.4722
arm64,fastschema-qjs,box2d.js,3.1676
arm64,fastschema-qjs,code-load.js,6.992
arm64,fastschema-qjs,crypto.js,3.5085
arm64,fastschema-qjs,deltablue.js,3.9173
arm64,fastschema-qjs,earley-boyer.js,5.5085
arm64,fastschema-qjs,gbemu.js,3.5635
arm64,fastschema-qjs,mandreel.js,1.5194
arm64,fastschema-qjs,navier-stokes.js,4.3233
arm64,fastschema-qjs,pdfjs.js,3.332
arm64,fastschema-qjs,raytrace.js,4.6041
arm64,fastschema-qjs,regexp.js,2.6593
arm64,fastschema-qjs,richards.ucode.js,1.939
arm64,fastschema-qjs,splay.js,7.2123
arm64,fastschema-qjs,typescript.js,5.7963
arm64,fastschema-qjs,zlib.js,1.0922
arm64,goja,box2d.js,2.6486
arm64,goja,code-load.js,9.1544
arm64,goja,crypto.js,2.8756
arm64,goja,deltablue.js,3.8549
arm64,goja,earley-boyer.js,5.2336
arm64,goja,gbemu.js,3.4088
arm64,goja,mandreel.js,1.3405
arm64,goja,navier-stokes.js,3.6519
arm64,goja,pdfjs.js,2.6977
arm64,goja,raytrace.js,4.2966
arm64,goja,regexp.js,3.2383
arm64,goja,richards.ucode.js,1.7765
arm64,goja,splay.js,6.7058
arm64,goja,typescript.js,0
arm64,goja,zlib.js,0.872
arm64,graaljs,box2d.js,9.7915
arm64,graaljs,code-load.js,6.8941
arm64,graaljs,crypto.js,19.583
arm64,graaljs,deltablue.js,19.583
arm64,graaljs,earley-boyer.js,19.583
arm64,graaljs,gbemu.js,6.7495
arm64,graaljs,mandreel.js,6.2945
arm64,graaljs,navier-stokes.js,19.583
arm64,graaljs,pdfjs.js,8.5812
arm64,graaljs,raytrace.js,19.583
arm64,graaljs,regexp.js,7.6939
arm64,graaljs,richards.ucode.js,9.7915
arm64,graaljs,splay.js,10.9938
arm64,graaljs,typescript.js,8.1402
arm64,graaljs,zlib.js,4.005
arm64,hako,box2d.js,1.3157
arm64,hako,code-load.js,2.8153
arm64,hako,crypto.js,1.5024
arm64,hako,deltablue.js,1.6255
arm64,hako,earley-boyer.js,2.1209
arm64,hako,gbemu.js,1.7441
arm64,hako,mandreel.js,0.7771
arm64,hako,navier-stokes.js,1.9611
arm64,hako,pdfjs.js,1.4521
arm64,hako,raytrace.js,1.6213
arm64,hako,regexp.js,1.0176
arm64,hako,richards.ucode.js,0.7672
arm64,hako,splay.js,2.5239
arm64,hako,typescript.js,2.4018
arm64,hako,zlib.js,0.5693
arm64,hermes,box2d.js,6.2555
arm64,hermes,code-load.js,6.8182
arm64,hermes,crypto.js,7.9423
arm64,hermes,deltablue.js,6.8521
arm64,hermes,earley-boyer.js,10.8691
arm64,hermes,gbemu.js,7.6294
arm64,hermes,mandreel.js,3.5336
arm64,hermes,navier-stokes.js,8.597
arm64,hermes,pdfjs.js,6.2924
arm64,hermes,raytrace.js,8.2962
arm64,hermes,regexp.js,5.1325
arm64,hermes,richards.ucode.js,3.5426
arm64,hermes,splay.js,11.1508
arm64,hermes,typescript.js,9.7791
arm64,hermes,zlib.js,1.7876
arm64,hermes-v1,box2d.js,7.8631
arm64,hermes-v1,code-load.js,7.0409
arm64,hermes-v1,crypto.js,8.7766
arm64,hermes-v1,deltablue.js,7.8656
arm64,hermes-v1,earley-boyer.js,13.8178
arm64,hermes-v1,gbemu.js,8.7124
arm64,hermes-v1,mandreel.js,3.9224
arm64,hermes-v1,navier-stokes.js,11.568
arm64,hermes-v1,pdfjs.js,8.6371
arm64,hermes-v1,raytrace.js,13.2447
arm64,hermes-v1,regexp.js,5.6011
arm64,hermes-v1,richards.ucode.js,3.8158
arm64,hermes-v1,splay.js,12.0438
arm64,hermes-v1,typescript.js,9.7915
arm64,hermes-v1,zlib.js,2.018
arm64,hermes-v1_clang,box2d.js,7.8086
arm64,hermes-v1_clang,code-load.js,6.7803
arm64,hermes-v1_clang,crypto.js,9.13
arm64,hermes-v1_clang,deltablue.js,7.6922
arm64,hermes-v1_clang,earley-boyer.js,13.772
arm64,hermes-v1_clang,gbemu.js,8.7188
arm64,hermes-v1_clang,mandreel.js,3.7676
arm64,hermes-v1_clang,navier-stokes.js,11.3758
arm64,hermes-v1_clang,pdfjs.js,8.1943
arm64,hermes-v1_clang,raytrace.js,12.7499
arm64,hermes-v1_clang,regexp.js,5.4194
arm64,hermes-v1_clang,richards.ucode.js,3.7675
arm64,hermes-v1_clang,splay.js,11.4979
arm64,hermes-v1_clang,typescript.js,9.7915
arm64,hermes-v1_clang,zlib.js,2.0175
arm64,hermes_clang,box2d.js,6.4239
arm64,hermes_clang,code-load.js,7.0118
arm64,hermes_clang,crypto.js,7.8021
arm64,hermes_clang,deltablue.js,6.4159
arm64,hermes_clang,earley-boyer.js,10.8713
arm64,hermes_clang,gbemu.js,7.4376
arm64,hermes_clang,mandreel.js,3.5291
arm64,hermes_clang,navier-stokes.js,8.5175
arm64,hermes_clang,pdfjs.js,6.1727
arm64,hermes_clang,raytrace.js,8.4974
arm64,hermes_clang,regexp.js,5.0741
arm64,hermes_clang,richards.ucode.js,3.423
arm64,hermes_clang,splay.js,9.8142
arm64,hermes_clang,typescript.js,9.7915
arm64,hermes_clang,zlib.js,1.7797
arm64,iv-lv5,box2d.js,5.7785
arm64,iv-lv5,code-load.js,7.0256
arm64,iv-lv5,crypto.js,8.4568
arm64,iv-lv5,deltablue.js,7.5564
arm64,iv-lv5,earley-boyer.js,9.9305
arm64,iv-lv5,gbemu.js,7.1375
arm64,iv-lv5,mandreel.js,3.6197
arm64,iv-lv5,navier-stokes.js,8.4287
arm64,iv-lv5,pdfjs.js,0
arm64,iv-lv5,raytrace.js,7.9772
arm64,iv-lv5,regexp.js,4.9793
arm64,iv-lv5,richards.ucode.js,3.1228
arm64,iv-lv5,splay.js,9.5084
arm64,iv-lv5,typescript.js,9.3148
arm64,iv-lv5,zlib.js,1.9274
arm64,iv-lv5_clang,box2d.js,5.6523
arm64,iv-lv5_clang,code-load.js,6.7619
arm64,iv-lv5_clang,crypto.js,8.619
arm64,iv-lv5_clang,deltablue.js,7.1106
arm64,iv-lv5_clang,earley-boyer.js,9.5845
arm64,iv-lv5_clang,gbemu.js,6.9255
arm64,iv-lv5_clang,mandreel.js,3.6026
arm64,iv-lv5_clang,navier-stokes.js,8.2213
arm64,iv-lv5_clang,pdfjs.js,0
arm64,iv-lv5_clang,raytrace.js,8.226
arm64,iv-lv5_clang,regexp.js,5.6963
arm64,iv-lv5_clang,richards.ucode.js,3.0568
arm64,iv-lv5_clang,splay.js,9.5763
arm64,iv-lv5_clang,typescript.js,8.8417
arm64,iv-lv5_clang,zlib.js,1.9351
arm64,jerryscript,box2d.js,2.0374
arm64,jerryscript,code-load.js,3.0754
arm64,jerryscript,crypto.js,4.2931
arm64,jerryscript,deltablue.js,4.0811
arm64,jerryscript,earley-boyer.js,2.8785
arm64,jerryscript,gbemu.js,2.2811
arm64,jerryscript,mandreel.js,2.1489
arm64,jerryscript,navier-stokes.js,6.1461
arm64,jerryscript,pdfjs.js,0
arm64,jerryscript,raytrace.js,5.1947
arm64,jerryscript,regexp.js,2.2652
arm64,jerryscript,richards.ucode.js,1.9353
arm64,jerryscript,splay.js,0
arm64,jerryscript,typescript.js,0.9872
arm64,jerryscript,zlib.js,0
arm64,jerryscript_clang,box2d.js,2.0534
arm64,jerryscript_clang,code-load.js,3.0483
arm64,jerryscript_clang,crypto.js,4.2957
arm64,jerryscript_clang,deltablue.js,3.9709
arm64,jerryscript_clang,earley-boyer.js,2.7685
arm64,jerryscript_clang,gbemu.js,2.2063
arm64,jerryscript_clang,mandreel.js,2.1042
arm64,jerryscript_clang,navier-stokes.js,5.7427
arm64,jerryscript_clang,pdfjs.js,0
arm64,jerryscript_clang,raytrace.js,5.2085
arm64,jerryscript_clang,regexp.js,2.2273
arm64,jerryscript_clang,richards.ucode.js,1.9327
arm64,jerryscript_clang,splay.js,0
arm64,jerryscript_clang,typescript.js,0.9809
arm64,jerryscript_clang,zlib.js,0
arm64,jerryscript_o3,box2d.js,2.0944
arm64,jerryscript_o3,code-load.js,3.1004
arm64,jerryscript_o3,crypto.js,4.5999
arm64,jerryscript_o3,deltablue.js,4.2553
arm64,jerryscript_o3,earley-boyer.js,2.9423
arm64,jerryscript_o3,gbemu.js,2.9657
arm64,jerryscript_o3,mandreel.js,2.323
arm64,jerryscript_o3,navier-stokes.js,6.0265
arm64,jerryscript_o3,pdfjs.js,0
arm64,jerryscript_o3,raytrace.js,5.446
arm64,jerryscript_o3,regexp.js,2.4461
arm64,jerryscript_o3,richards.ucode.js,2.0083
arm64,jerryscript_o3,splay.js,0
arm64,jerryscript_o3,typescript.js,0.9947
arm64,jerryscript_o3,zlib.js,0
arm64,js-interpreter,box2d.js,0.8924
arm64,js-interpreter,code-load.js,5.1696
arm64,js-interpreter,crypto.js,0.9633
arm64,js-interpreter,deltablue.js,1.0406
arm64,js-interpreter,earley-boyer.js,1.6914
arm64,js-interpreter,gbemu.js,0
arm64,js-interpreter,mandreel.js,0
arm64,js-interpreter,navier-stokes.js,1.279
arm64,js-interpreter,pdfjs.js,0
arm64,js-interpreter,raytrace.js,1.2874
arm64,js-interpreter,regexp.js,0.5058
arm64,js-interpreter,richards.ucode.js,0.5121
arm64,js-interpreter,splay.js,2.2929
arm64,js-interpreter,typescript.js,1.6692
arm64,js-interpreter,zlib.js,0
arm64,js-interpreter_jsc,box2d.js,1.1432
arm64,js-interpreter_jsc,code-load.js,0
arm64,js-interpreter_jsc,crypto.js,1.1951
arm64,js-interpreter_jsc,deltablue.js,1.337
arm64,js-interpreter_jsc,earley-boyer.js,2.1672
arm64,js-interpreter_jsc,gbemu.js,0
arm64,js-interpreter_jsc,mandreel.js,0
arm64,js-interpreter_jsc,navier-stokes.js,1.5621
arm64,js-interpreter_jsc,pdfjs.js,0
arm64,js-interpreter_jsc,raytrace.js,1.6815
arm64,js-interpreter_jsc,regexp.js,0
arm64,js-interpreter_jsc,richards.ucode.js,0.6522
arm64,js-interpreter_jsc,splay.js,3.1128
arm64,js-interpreter_jsc,typescript.js,0
arm64,js-interpreter_jsc,zlib.js,0
arm64,js2py,box2d.js,0.7011
arm64,js2py,code-load.js,1.9676
arm64,js2py,crypto.js,0.5284
arm64,js2py,deltablue.js,0.8204
arm64,js2py,earley-boyer.js,1.2565
arm64,js2py,gbemu.js,0
arm64,js2py,mandreel.js,0
arm64,js2py,navier-stokes.js,0.7028
arm64,js2py,pdfjs.js,0
arm64,js2py,raytrace.js,1.1546
arm64,js2py,regexp.js,0
arm64,js2py,richards.ucode.js,0.3994
arm64,js2py,splay.js,1.3482
arm64,js2py,typescript.js,0
arm64,js2py,zlib.js,0
arm64,jsc,box2d.js,9.7915
arm64,jsc,code-load.js,9.7915
arm64,jsc,crypto.js,19.583
arm64,jsc,deltablue.js,19.583
arm64,jsc,earley-boyer.js,19.583
arm64,jsc,gbemu.js,9.7915
arm64,jsc,mandreel.js,9.7915
arm64,jsc,navier-stokes.js,19.583
arm64,jsc,pdfjs.js,9.7915
arm64,jsc,raytrace.js,19.583
arm64,jsc,regexp.js,17.7352
arm64,jsc,richards.ucode.js,9.7915
arm64,jsc,splay.js,19.583
arm64,jsc,typescript.js,9.7915
arm64,jsc,zlib.js,4.8957
arm64,jsc_gcc,box2d.js,9.7915
arm64,jsc_gcc,code-load.js,9.7915
arm64,jsc_gcc,crypto.js,19.583
arm64,jsc_gcc,deltablue.js,19.583
arm64,jsc_gcc,earley-boyer.js,19.583
arm64,jsc_gcc,gbemu.js,9.7915
arm64,jsc_gcc,mandreel.js,9.7915
arm64,jsc_gcc,navier-stokes.js,19.583
arm64,jsc_gcc,pdfjs.js,9.7915
arm64,jsc_gcc,raytrace.js,19.583
arm64,jsc_gcc,regexp.js,17.9425
arm64,jsc_gcc,richards.ucode.js,9.7915
arm64,jsc_gcc,splay.js,19.583
arm64,jsc_gcc,typescript.js,9.7915
arm64,jsc_gcc,zlib.js,4.8957
arm64,jsc_jitless,box2d.js,6.445
arm64,jsc_jitless,code-load.js,9.7915
arm64,jsc_jitless,crypto.js,8.6712
arm64,jsc_jitless,deltablue.js,6.8919
arm64,jsc_jitless,earley-boyer.js,11.1338
arm64,jsc_jitless,gbemu.js,7.2453
arm64,jsc_jitless,mandreel.js,3.1373
arm64,jsc_jitless,navier-stokes.js,8.9871
arm64,jsc_jitless,pdfjs.js,7.5921
arm64,jsc_jitless,raytrace.js,10.476
arm64,jsc_jitless,regexp.js,5.3836
arm64,jsc_jitless,richards.ucode.js,3.7841
arm64,jsc_jitless,splay.js,13.2641
arm64,jsc_jitless,typescript.js,9.7915
arm64,jsc_jitless,zlib.js,2.0903
arm64,kiesel,box2d.js,2.596
arm64,kiesel,code-load.js,5.5488
arm64,kiesel,crypto.js,2.7253
arm64,kiesel,deltablue.js,2.2702
arm64,kiesel,earley-boyer.js,3.6807
arm64,kiesel,gbemu.js,3.2559
arm64,kiesel,mandreel.js,0
arm64,kiesel,navier-stokes.js,3.843
arm64,kiesel,pdfjs.js,0
arm64,kiesel,raytrace.js,3.2871
arm64,kiesel,regexp.js,3.0944
arm64,kiesel,richards.ucode.js,1.2009
arm64,kiesel,splay.js,5.4344
arm64,kiesel,typescript.js,0
arm64,kiesel,zlib.js,0
arm64,kjs,box2d.js,3.9664
arm64,kjs,code-load.js,0
arm64,kjs,crypto.js,5.9846
arm64,kjs,deltablue.js,5.3182
arm64,kjs,earley-boyer.js,7.4366
arm64,kjs,gbemu.js,0
arm64,kjs,mandreel.js,0
arm64,kjs,navier-stokes.js,4.9437
arm64,kjs,pdfjs.js,0
arm64,kjs,raytrace.js,5.9336
arm64,kjs,regexp.js,0
arm64,kjs,richards.ucode.js,2.5493
arm64,kjs,splay.js,6.1326
arm64,kjs,typescript.js,0
arm64,kjs,zlib.js,0
arm64,kjs_clang,box2d.js,3.7438
arm64,kjs_clang,code-load.js,0
arm64,kjs_clang,crypto.js,5.7299
arm64,kjs_clang,deltablue.js,5.1044
arm64,kjs_clang,earley-boyer.js,7.3334
arm64,kjs_clang,gbemu.js,0
arm64,kjs_clang,mandreel.js,0
arm64,kjs_clang,navier-stokes.js,4.7867
arm64,kjs_clang,pdfjs.js,0
arm64,kjs_clang,raytrace.js,5.7031
arm64,kjs_clang,regexp.js,0
arm64,kjs_clang,richards.ucode.js,2.4017
arm64,kjs_clang,splay.js,5.8126
arm64,kjs_clang,typescript.js,0
arm64,kjs_clang,zlib.js,0
arm64,libjs,box2d.js,5.0006
arm64,libjs,code-load.js,7.1844
arm64,libjs,crypto.js,7.0743
arm64,libjs,deltablue.js,5.3497
arm64,libjs,earley-boyer.js,8.1464
arm64,libjs,gbemu.js,6.7404
arm64,libjs,mandreel.js,2.8322
arm64,libjs,navier-stokes.js,7.3966
arm64,libjs,pdfjs.js,5.0018
arm64,libjs,raytrace.js,7.0227
arm64,libjs,regexp.js,2.4497
arm64,libjs,richards.ucode.js,2.7529
arm64,libjs,splay.js,8.0573
arm64,libjs,typescript.js,7.0373
arm64,libjs,zlib.js,2.1375
arm64,libjs_gcc,box2d.js,4.9753
arm64,libjs_gcc,code-load.js,0
arm64,libjs_gcc,crypto.js,6.7074
arm64,libjs_gcc,deltablue.js,5.212
arm64,libjs_gcc,earley-boyer.js,7.7901
arm64,libjs_gcc,gbemu.js,0
arm64,libjs_gcc,mandreel.js,2.7766
arm64,libjs_gcc,navier-stokes.js,8.0405
arm64,libjs_gcc,pdfjs.js,4.7062
arm64,libjs_gcc,raytrace.js,7.0697
arm64,libjs_gcc,regexp.js,2.4378
arm64,libjs_gcc,richards.ucode.js,2.6982
arm64,libjs_gcc,splay.js,7.9794
arm64,libjs_gcc,typescript.js,6.8477
arm64,libjs_gcc,zlib.js,1.9712
arm64,mocha,richards.ucode.js,1.3734
arm64,modernc-quickjs,box2d.js,2.4443
arm64,modernc-quickjs,code-load.js,6.3638
arm64,modernc-quickjs,crypto.js,2.7874
arm64,modernc-quickjs,deltablue.js,2.9264
arm64,modernc-quickjs,earley-boyer.js,4.3848
arm64,modernc-quickjs,gbemu.js,3.0136
arm64,modernc-quickjs,mandreel.js,1.3469
arm64,modernc-quickjs,navier-stokes.js,3.4585
arm64,modernc-quickjs,pdfjs.js,2.5767
arm64,modernc-quickjs,raytrace.js,3.544
arm64,modernc-quickjs,regexp.js,2.333
arm64,modernc-quickjs,richards.ucode.js,1.3397
arm64,modernc-quickjs,splay.js,5.0589
arm64,modernc-quickjs,typescript.js,4.433
arm64,modernc-quickjs,zlib.js,0.9861
arm64,mujs,box2d.js,3.3834
arm64,mujs,code-load.js,0
arm64,mujs,crypto.js,3.5713
arm64,mujs,deltablue.js,4.6004
arm64,mujs,earley-boyer.js,5.2587
arm64,mujs,gbemu.js,0
arm64,mujs,mandreel.js,0
arm64,mujs,navier-stokes.js,5.4035
arm64,mujs,pdfjs.js,0
arm64,mujs,raytrace.js,5.5162
arm64,mujs,regexp.js,0
arm64,mujs,richards.ucode.js,1.99
arm64,mujs,splay.js,6.7655
arm64,mujs,typescript.js,0
arm64,mujs,zlib.js,0
arm64,mujs_gcc,box2d.js,3.4871
arm64,mujs_gcc,code-load.js,0
arm64,mujs_gcc,crypto.js,3.6631
arm64,mujs_gcc,deltablue.js,4.3803
arm64,mujs_gcc,earley-boyer.js,5.3528
arm64,mujs_gcc,gbemu.js,0
arm64,mujs_gcc,mandreel.js,0
arm64,mujs_gcc,navier-stokes.js,5.2739
arm64,mujs_gcc,pdfjs.js,0
arm64,mujs_gcc,raytrace.js,5.5531
arm64,mujs_gcc,regexp.js,0
arm64,mujs_gcc,richards.ucode.js,1.9728
arm64,mujs_gcc,splay.js,6.8139
arm64,mujs_gcc,typescript.js,0
arm64,mujs_gcc,zlib.js,0
arm64,narcissus,richards.ucode.js,0.6201
arm64,nashorn,box2d.js,3.3334
arm64,nashorn,code-load.js,3.6251
arm64,nashorn,crypto.js,13.5997
arm64,nashorn,deltablue.js,14.3131
arm64,nashorn,earley-boyer.js,14.8895
arm64,nashorn,gbemu.js,4.8853
arm64,nashorn,mandreel.js,2.6325
arm64,nashorn,navier-stokes.js,11.9225
arm64,nashorn,pdfjs.js,4.3762
arm64,nashorn,raytrace.js,14.3831
arm64,nashorn,regexp.js,7.3123
arm64,nashorn,richards.ucode.js,9.2408
arm64,nashorn,splay.js,19.3807
arm64,nashorn,typescript.js,5.5875
arm64,nashorn,zlib.js,1.3563
arm64,nashorn_ot,box2d.js,2.6307
arm64,nashorn_ot,code-load.js,2.3169
arm64,nashorn_ot,crypto.js,19.583
arm64,nashorn_ot,deltablue.js,16.049
arm64,nashorn_ot,earley-boyer.js,15.7062
arm64,nashorn_ot,gbemu.js,5.0432
arm64,nashorn_ot,mandreel.js,2.7011
arm64,nashorn_ot,navier-stokes.js,19.583
arm64,nashorn_ot,pdfjs.js,3.8076
arm64,nashorn_ot,raytrace.js,12.622
arm64,nashorn_ot,regexp.js,7.3828
arm64,nashorn_ot,richards.ucode.js,8.7709
arm64,nashorn_ot,splay.js,15.6636
arm64,nashorn_ot,typescript.js,5.0902
arm64,nashorn_ot,zlib.js,1.2725
arm64,njs,box2d.js,4.5486
arm64,njs,code-load.js,0
arm64,njs,crypto.js,6.2958
arm64,njs,deltablue.js,5.1639
arm64,njs,earley-boyer.js,8.4613
arm64,njs,gbemu.js,0
arm64,njs,mandreel.js,0
arm64,njs,navier-stokes.js,0
arm64,njs,pdfjs.js,0
arm64,njs,raytrace.js,5.9985
arm64,njs,regexp.js,0
arm64,njs,richards.ucode.js,2.6559
arm64,njs,splay.js,8.3011
arm64,njs,typescript.js,0
arm64,njs,zlib.js,0
arm64,nova,box2d.js,1.7432
arm64,nova,code-load.js,0
arm64,nova,crypto.js,1.9679
arm64,nova,deltablue.js,2.1675
arm64,nova,earley-boyer.js,2.5971
arm64,nova,gbemu.js,2.1575
arm64,nova,mandreel.js,0.4359
arm64,nova,navier-stokes.js,2.3212
arm64,nova,pdfjs.js,2.0224
arm64,nova,raytrace.js,3.0533
arm64,nova,regexp.js,0
arm64,nova,richards.ucode.js,1.0424
arm64,nova,splay.js,3.1503
arm64,nova,typescript.js,0
arm64,nova,zlib.js,0.6423
arm64,otto,box2d.js,1.4877
arm64,otto,code-load.js,0
arm64,otto,crypto.js,1.5573
arm64,otto,deltablue.js,1.484
arm64,otto,earley-boyer.js,2.5888
arm64,otto,gbemu.js,0
arm64,otto,mandreel.js,0
arm64,otto,navier-stokes.js,1.8964
arm64,otto,pdfjs.js,0
arm64,otto,raytrace.js,2.3822
arm64,otto,regexp.js,0
arm64,otto,richards.ucode.js,0.7715
arm64,otto,splay.js,3.3976
arm64,otto,typescript.js,0
arm64,otto,zlib.js,0
arm64,porffor,richards.ucode.js,3.3739
arm64,primjs,box2d.js,4.6455
arm64,primjs,code-load.js,8.9154
arm64,primjs,crypto.js,5.6909
arm64,primjs,deltablue.js,5.9287
arm64,primjs,earley-boyer.js,7.8589
arm64,primjs,gbemu.js,6.0946
arm64,primjs,mandreel.js,2.8108
arm64,primjs,navier-stokes.js,7.0313
arm64,primjs,pdfjs.js,5.2421
arm64,primjs,raytrace.js,6.7906
arm64,primjs,regexp.js,3.7466
arm64,primjs,richards.ucode.js,2.7177
arm64,primjs,splay.js,8.7545
arm64,primjs,typescript.js,7.9397
arm64,primjs,zlib.js,1.93
arm64,quickjs,box2d.js,5.7655
arm64,quickjs,code-load.js,9.7189
arm64,quickjs,crypto.js,6.9196
arm64,quickjs,deltablue.js,6.379
arm64,quickjs,earley-boyer.js,8.8776
arm64,quickjs,gbemu.js,7.9974
arm64,quickjs,mandreel.js,3.4732
arm64,quickjs,navier-stokes.js,9.5843
arm64,quickjs,pdfjs.js,5.9468
arm64,quickjs,raytrace.js,8.0668
arm64,quickjs,regexp.js,4.7368
arm64,quickjs,richards.ucode.js,3.1856
arm64,quickjs,splay.js,9.4817
arm64,quickjs,typescript.js,8.9914
arm64,quickjs,zlib.js,2.3756
arm64,quickjs-ng,box2d.js,5.444
arm64,quickjs-ng,code-load.js,9.4194
arm64,quickjs-ng,crypto.js,6.6421
arm64,quickjs-ng,deltablue.js,6.1745
arm64,quickjs-ng,earley-boyer.js,8.5788
arm64,quickjs-ng,gbemu.js,6.9361
arm64,quickjs-ng,mandreel.js,3.0365
arm64,quickjs-ng,navier-stokes.js,8.2078
arm64,quickjs-ng,pdfjs.js,5.5441
arm64,quickjs-ng,raytrace.js,7.1909
arm64,quickjs-ng,regexp.js,3.7896
arm64,quickjs-ng,richards.ucode.js,2.9949
arm64,quickjs-ng,splay.js,9.3692
arm64,quickjs-ng,typescript.js,8.7869
arm64,quickjs-ng,zlib.js,2.1962
arm64,quickjs-ng_gcc,box2d.js,5.2244
arm64,quickjs-ng_gcc,code-load.js,9.4138
arm64,quickjs-ng_gcc,crypto.js,6.5582
arm64,quickjs-ng_gcc,deltablue.js,6.0106
arm64,quickjs-ng_gcc,earley-boyer.js,8.5219
arm64,quickjs-ng_gcc,gbemu.js,6.7726
arm64,quickjs-ng_gcc,mandreel.js,2.9632
arm64,quickjs-ng_gcc,navier-stokes.js,7.98
arm64,quickjs-ng_gcc,pdfjs.js,5.4317
arm64,quickjs-ng_gcc,raytrace.js,7.1311
arm64,quickjs-ng_gcc,regexp.js,3.6562
arm64,quickjs-ng_gcc,richards.ucode.js,2.9354
arm64,quickjs-ng_gcc,splay.js,8.988
arm64,quickjs-ng_gcc,typescript.js,8.5303
arm64,quickjs-ng_gcc,zlib.js,2.0304
arm64,quickjs_gcc,box2d.js,5.543
arm64,quickjs_gcc,code-load.js,9.7915
arm64,quickjs_gcc,crypto.js,7.1079
arm64,quickjs_gcc,deltablue.js,5.9689
arm64,quickjs_gcc,earley-boyer.js,9.0249
arm64,quickjs_gcc,gbemu.js,7.5642
arm64,quickjs_gcc,mandreel.js,3.3544
arm64,quickjs_gcc,navier-stokes.js,9.1311
arm64,quickjs_gcc,pdfjs.js,5.9786
arm64,quickjs_gcc,raytrace.js,8.1062
arm64,quickjs_gcc,regexp.js,4.6733
arm64,quickjs_gcc,richards.ucode.js,3.043
arm64,quickjs_gcc,splay.js,9.7384
arm64,quickjs_gcc,typescript.js,8.8841
arm64,quickjs_gcc,zlib.js,2.1474
arm64,qv4,box2d.js,5.7325
arm64,qv4,code-load.js,7.3143
arm64,qv4,crypto.js,11.2637
arm64,qv4,deltablue.js,5.793
arm64,qv4,earley-boyer.js,9.5342
arm64,qv4,gbemu.js,7.3359
arm64,qv4,mandreel.js,3.4521
arm64,qv4,navier-stokes.js,0
arm64,qv4,pdfjs.js,0
arm64,qv4,raytrace.js,8.5793
arm64,qv4,regexp.js,6.7184
arm64,qv4,richards.ucode.js,3.024
arm64,qv4,splay.js,10.9137
arm64,qv4,typescript.js,9.4543
arm64,qv4,zlib.js,2.8315
arm64,qv4_clang,box2d.js,5.8726
arm64,qv4_clang,code-load.js,7.3597
arm64,qv4_clang,crypto.js,11.4358
arm64,qv4_clang,deltablue.js,6.0175
arm64,qv4_clang,earley-boyer.js,8.9861
arm64,qv4_clang,gbemu.js,7.2913
arm64,qv4_clang,mandreel.js,3.4508
arm64,qv4_clang,navier-stokes.js,0
arm64,qv4_clang,pdfjs.js,0
arm64,qv4_clang,raytrace.js,8.3908
arm64,qv4_clang,regexp.js,6.5896
arm64,qv4_clang,richards.ucode.js,3.0848
arm64,qv4_clang,splay.js,11.0554
arm64,qv4_clang,typescript.js,9.5182
arm64,qv4_clang,zlib.js,2.759
arm64,qv4_jitless,box2d.js,5.8758
arm64,qv4_jitless,code-load.js,7.3289
arm64,qv4_jitless,crypto.js,8.7374
arm64,qv4_jitless,deltablue.js,6.9481
arm64,qv4_jitless,earley-boyer.js,10.287
arm64,qv4_jitless,gbemu.js,7.0379
arm64,qv4_jitless,mandreel.js,3.1902
arm64,qv4_jitless,navier-stokes.js,0
arm64,qv4_jitless,pdfjs.js,0
arm64,qv4_jitless,raytrace.js,8.951
arm64,qv4_jitless,regexp.js,4.7398
arm64,qv4_jitless,richards.ucode.js,3.428
arm64,qv4_jitless,splay.js,11.223
arm64,qv4_jitless,typescript.js,9.5016
arm64,qv4_jitless,zlib.js,2.35
arm64,rhino,box2d.js,2.3252
arm64,rhino,code-load.js,9.7915
arm64,rhino,crypto.js,7.9232
arm64,rhino,deltablue.js,8.0063
arm64,rhino,earley-boyer.js,9.2921
arm64,rhino,gbemu.js,4.4028
arm64,rhino,mandreel.js,0
arm64,rhino,navier-stokes.js,7.5861
arm64,rhino,pdfjs.js,3.4684
arm64,rhino,raytrace.js,8.194
arm64,rhino,regexp.js,4.0267
arm64,rhino,richards.ucode.js,3.6439
arm64,rhino,splay.js,12.7028
arm64,rhino,typescript.js,5.1869
arm64,rhino,zlib.js,0
arm64,sablejs,box2d.js,2.3135
arm64,sablejs,code-load.js,0
arm64,sablejs,crypto.js,3.3269
arm64,sablejs,deltablue.js,3.2492
arm64,sablejs,earley-boyer.js,4.8054
arm64,sablejs,gbemu.js,0
arm64,sablejs,mandreel.js,0
arm64,sablejs,navier-stokes.js,3.6862
arm64,sablejs,pdfjs.js,0
arm64,sablejs,raytrace.js,4.0366
arm64,sablejs,regexp.js,4.9082
arm64,sablejs,richards.ucode.js,1.509
arm64,sablejs,splay.js,5.1305
arm64,sablejs,typescript.js,4.2472
arm64,sablejs,zlib.js,0
arm64,sobek,box2d.js,2.6533
arm64,sobek,code-load.js,9.421
arm64,sobek,crypto.js,2.9389
arm64,sobek,deltablue.js,3.86
arm64,sobek,earley-boyer.js,5.1195
arm64,sobek,gbemu.js,3.3915
arm64,sobek,mandreel.js,1.3681
arm64,sobek,navier-stokes.js,3.6902
arm64,sobek,pdfjs.js,2.6401
arm64,sobek,raytrace.js,4.2409
arm64,sobek,regexp.js,3.0936
arm64,sobek,richards.ucode.js,1.8083
arm64,sobek,splay.js,6.8259
arm64,sobek,typescript.js,5.2576
arm64,sobek,zlib.js,0.8803
arm64,sophonjs,box2d.js,0
arm64,sophonjs,code-load.js,0
arm64,sophonjs,crypto.js,4.324
arm64,sophonjs,deltablue.js,4.1207
arm64,sophonjs,earley-boyer.js,0
arm64,sophonjs,gbemu.js,0
arm64,sophonjs,mandreel.js,0
arm64,sophonjs,navier-stokes.js,0
arm64,sophonjs,pdfjs.js,0
arm64,sophonjs,raytrace.js,5.5008
arm64,sophonjs,regexp.js,0
arm64,sophonjs,richards.ucode.js,2.0354
arm64,sophonjs,splay.js,0
arm64,sophonjs,typescript.js,0
arm64,sophonjs,zlib.js,0
arm64,spidermonkey,box2d.js,9.7915
arm64,spidermonkey,code-load.js,9.7915
arm64,spidermonkey,crypto.js,19.583
arm64,spidermonkey,deltablue.js,19.3114
arm64,spidermonkey,earley-boyer.js,19.583
arm64,spidermonkey,gbemu.js,9.7915
arm64,spidermonkey,mandreel.js,9.7915
arm64,spidermonkey,navier-stokes.js,19.583
arm64,spidermonkey,pdfjs.js,9.7915
arm64,spidermonkey,raytrace.js,19.583
arm64,spidermonkey,regexp.js,15.9564
arm64,spidermonkey,richards.ucode.js,8.5369
arm64,spidermonkey,splay.js,19.583
arm64,spidermonkey,typescript.js,0
arm64,spidermonkey,zlib.js,4.8957
arm64,spidermonkey_1.5,box2d.js,3.2543
arm64,spidermonkey_1.5,code-load.js,9.4486
arm64,spidermonkey_1.5,crypto.js,4.1378
arm64,spidermonkey_1.5,deltablue.js,4.6556
arm64,spidermonkey_1.5,earley-boyer.js,4.8399
arm64,spidermonkey_1.5,gbemu.js,0
arm64,spidermonkey_1.5,mandreel.js,0
arm64,spidermonkey_1.5,navier-stokes.js,4.7697
arm64,spidermonkey_1.5,pdfjs.js,0
arm64,spidermonkey_1.5,raytrace.js,5.0224
arm64,spidermonkey_1.5,regexp.js,4.1004
arm64,spidermonkey_1.5,richards.ucode.js,2.3872
arm64,spidermonkey_1.5,splay.js,5.0276
arm64,spidermonkey_1.5,typescript.js,0
arm64,spidermonkey_1.5,zlib.js,0
arm64,spidermonkey_1.6,box2d.js,3.2089
arm64,spidermonkey_1.6,code-load.js,8.809
arm64,spidermonkey_1.6,crypto.js,3.8714
arm64,spidermonkey_1.6,deltablue.js,4.4033
arm64,spidermonkey_1.6,earley-boyer.js,4.7613
arm64,spidermonkey_1.6,gbemu.js,0
arm64,spidermonkey_1.6,mandreel.js,0
arm64,spidermonkey_1.6,navier-stokes.js,4.6183
arm64,spidermonkey_1.6,pdfjs.js,0
arm64,spidermonkey_1.6,raytrace.js,4.9188
arm64,spidermonkey_1.6,regexp.js,4.0276
arm64,spidermonkey_1.6,richards.ucode.js,2.1282
arm64,spidermonkey_1.6,splay.js,5.6591
arm64,spidermonkey_1.6,typescript.js,0
arm64,spidermonkey_1.6,zlib.js,0
arm64,spidermonkey_1.7,box2d.js,3.7492
arm64,spidermonkey_1.7,code-load.js,9.1326
arm64,spidermonkey_1.7,crypto.js,5.4329
arm64,spidermonkey_1.7,deltablue.js,5.2707
arm64,spidermonkey_1.7,earley-boyer.js,5.442
arm64,spidermonkey_1.7,gbemu.js,0
arm64,spidermonkey_1.7,mandreel.js,0
arm64,spidermonkey_1.7,navier-stokes.js,5.488
arm64,spidermonkey_1.7,pdfjs.js,0
arm64,spidermonkey_1.7,raytrace.js,5.4461
arm64,spidermonkey_1.7,regexp.js,4.7983
arm64,spidermonkey_1.7,richards.ucode.js,2.859
arm64,spidermonkey_1.7,splay.js,5.5436
arm64,spidermonkey_1.7,typescript.js,0
arm64,spidermonkey_1.7,zlib.js,0
arm64,spidermonkey_1.8.0,box2d.js,4.1925
arm64,spidermonkey_1.8.0,code-load.js,9.7915
arm64,spidermonkey_1.8.0,crypto.js,4.7705
arm64,spidermonkey_1.8.0,deltablue.js,5.4708
arm64,spidermonkey_1.8.0,earley-boyer.js,6.4858
arm64,spidermonkey_1.8.0,gbemu.js,0
arm64,spidermonkey_1.8.0,mandreel.js,0
arm64,spidermonkey_1.8.0,navier-stokes.js,6.4098
arm64,spidermonkey_1.8.0,pdfjs.js,0
arm64,spidermonkey_1.8.0,raytrace.js,5.7223
arm64,spidermonkey_1.8.0,regexp.js,4.9438
arm64,spidermonkey_1.8.0,richards.ucode.js,2.6582
arm64,spidermonkey_1.8.0,splay.js,5.2865
arm64,spidermonkey_1.8.0,typescript.js,6.5423
arm64,spidermonkey_1.8.0,zlib.js,0
arm64,spidermonkey_gcc,box2d.js,9.7915
arm64,spidermonkey_gcc,code-load.js,9.7915
arm64,spidermonkey_gcc,crypto.js,19.583
arm64,spidermonkey_gcc,deltablue.js,18.9322
arm64,spidermonkey_gcc,earley-boyer.js,19.583
arm64,spidermonkey_gcc,gbemu.js,9.7915
arm64,spidermonkey_gcc,mandreel.js,9.7915
arm64,spidermonkey_gcc,navier-stokes.js,19.583
arm64,spidermonkey_gcc,pdfjs.js,9.7915
arm64,spidermonkey_gcc,raytrace.js,19.583
arm64,spidermonkey_gcc,regexp.js,16.0037
arm64,spidermonkey_gcc,richards.ucode.js,8.8216
arm64,spidermonkey_gcc,splay.js,19.583
arm64,spidermonkey_gcc,typescript.js,0
arm64,spidermonkey_gcc,zlib.js,4.8957
arm64,spidermonkey_jitless,box2d.js,3.6759
arm64,spidermonkey_jitless,code-load.js,9.7915
arm64,spidermonkey_jitless,crypto.js,4.7509
arm64,spidermonkey_jitless,deltablue.js,3.9086
arm64,spidermonkey_jitless,earley-boyer.js,6.7826
arm64,spidermonkey_jitless,gbemu.js,4.4127
arm64,spidermonkey_jitless,mandreel.js,1.9618
arm64,spidermonkey_jitless,navier-stokes.js,6.336
arm64,spidermonkey_jitless,pdfjs.js,4.9179
arm64,spidermonkey_jitless,raytrace.js,6.1105
arm64,spidermonkey_jitless,regexp.js,4.8949
arm64,spidermonkey_jitless,richards.ucode.js,1.9215
arm64,spidermonkey_jitless,splay.js,9.0426
arm64,spidermonkey_jitless,typescript.js,6.1557
arm64,spidermonkey_jitless,zlib.js,1.3338
arm64,twostroke,richards.ucode.js,0.3339
arm64,ucode,richards.ucode.js,1.0642
arm64,v8,box2d.js,9.7915
arm64,v8,code-load.js,9.7915
arm64,v8,crypto.js,19.583
arm64,v8,deltablue.js,19.583
arm64,v8,earley-boyer.js,19.583
arm64,v8,gbemu.js,9.7915
arm64,v8,mandreel.js,9.7915
arm64,v8,navier-stokes.js,19.583
arm64,v8,pdfjs.js,9.7915
arm64,v8,raytrace.js,19.583
arm64,v8,regexp.js,17.0713
arm64,v8,richards.ucode.js,9.7915
arm64,v8,splay.js,19.583
arm64,v8,typescript.js,9.7915
arm64,v8,zlib.js,4.8957
arm64,v8_gcc,box2d.js,9.7915
arm64,v8_gcc,code-load.js,9.7915
arm64,v8_gcc,crypto.js,19.583
arm64,v8_gcc,deltablue.js,19.583
arm64,v8_gcc,earley-boyer.js,19.583
arm64,v8_gcc,gbemu.js,9.7915
arm64,v8_gcc,mandreel.js,9.7915
arm64,v8_gcc,navier-stokes.js,19.583
arm64,v8_gcc,pdfjs.js,9.7915
arm64,v8_gcc,raytrace.js,19.583
arm64,v8_gcc,regexp.js,16.7344
arm64,v8_gcc,richards.ucode.js,9.7915
arm64,v8_gcc,splay.js,19.583
arm64,v8_gcc,typescript.js,9.7915
arm64,v8_gcc,zlib.js,4.8957
arm64,v8_jitless,box2d.js,5.5934
arm64,v8_jitless,code-load.js,9.7915
arm64,v8_jitless,crypto.js,6.5833
arm64,v8_jitless,deltablue.js,7.0487
arm64,v8_jitless,earley-boyer.js,13.1579
arm64,v8_jitless,gbemu.js,7.0009
arm64,v8_jitless,mandreel.js,3.3549
arm64,v8_jitless,navier-stokes.js,8.3346
arm64,v8_jitless,pdfjs.js,7.9122
arm64,v8_jitless,raytrace.js,10.9912
arm64,v8_jitless,regexp.js,9.676
arm64,v8_jitless,richards.ucode.js,3.3403
arm64,v8_jitless,splay.js,14.0452
arm64,v8_jitless,typescript.js,9.7915
arm64,v8_jitless,zlib.js,2.233
arm64,v8_pgo,box2d.js,9.7915
arm64,v8_pgo,code-load.js,9.7915
arm64,v8_pgo,crypto.js,19.583
arm64,v8_pgo,deltablue.js,19.583
arm64,v8_pgo,earley-boyer.js,19.583
arm64,v8_pgo,gbemu.js,9.7915
arm64,v8_pgo,mandreel.js,9.7915
arm64,v8_pgo,navier-stokes.js,19.583
arm64,v8_pgo,pdfjs.js,9.7915
arm64,v8_pgo,raytrace.js,19.583
arm64,v8_pgo,regexp.js,17.4294
arm64,v8_pgo,richards.ucode.js,9.7915
arm64,v8_pgo,splay.js,19.583
arm64,v8_pgo,typescript.js,9.7915
arm64,v8_pgo,zlib.js,4.8957
arm64,xs,box2d.js,4.2434
arm64,xs,code-load.js,0
arm64,xs,crypto.js,4.1039
arm64,xs,deltablue.js,4.1475
arm64,xs,earley-boyer.js,4.1569
arm64,xs,gbemu.js,0
arm64,xs,mandreel.js,0.5133
arm64,xs,navier-stokes.js,6.153
arm64,xs,pdfjs.js,0
arm64,xs,raytrace.js,6.2007
arm64,xs,regexp.js,2.965
arm64,xs,richards.ucode.js,1.7025
arm64,xs,splay.js,4.5536
arm64,xs,typescript.js,0
arm64,xs,zlib.js,0
arm64,xs_clang,box2d.js,4.6092
arm64,xs_clang,code-load.js,0
arm64,xs_clang,crypto.js,4.7489
arm64,xs_clang,deltablue.js,4.3802
arm64,xs_clang,earley-boyer.js,4.3414
arm64,xs_clang,gbemu.js,0
arm64,xs_clang,mandreel.js,0.5149
arm64,xs_clang,navier-stokes.js,6.7918
arm64,xs_clang,pdfjs.js,0
arm64,xs_clang,raytrace.js,6.6423
arm64,xs_clang,regexp.js,2.9974
arm64,xs_clang,richards.ucode.js,1.7587
arm64,xs_clang,splay.js,4.7751
arm64,xs_clang,typescript.js,0
arm64,xs_clang,zlib.js,0
arm64,yavashark,box2d.js,3.1306
arm64,yavashark,code-load.js,0
arm64,yavashark,crypto.js,0
arm64,yavashark,deltablue.js,1.4211
arm64,yavashark,earley-boyer.js,0
arm64,yavashark,gbemu.js,0
arm64,yavashark,mandreel.js,0
arm64,yavashark,navier-stokes.js,0
arm64,yavashark,pdfjs.js,0
arm64,yavashark,raytrace.js,2.3581
arm64,yavashark,regexp.js,0
arm64,yavashark,richards.ucode.js,0.6892
arm64,yavashark,splay.js,3.3533
arm64,yavashark,typescript.js,0
arm64,yavashark,zlib.js,0
